[     429ms] [INFO] %cDownload the React DevTools for a better development experience: https://reactjs.org/link/react-devtools font-weight:bold @ http://localhost:5173/node_modules/.vite/deps/chunk-YFB5YCE7.js?v=4775499e:21608
[     565ms] [ERROR] Warning: validateDOMNesting(...): %s cannot appear as a descendant of <%s>.%s <a> a 
    at a
    at LinkWithRef (http://localhost:5173/node_modules/.vite/deps/react-router.js?v=1d41f579:9236:5)
    at button
    at MotionComponent (http://localhost:5173/node_modules/.vite/deps/framer-motion.js?v=3006b675:4899:40)
    at a
    at LinkWithRef (http://localhost:5173/node_modules/.vite/deps/react-router.js?v=1d41f579:9236:5)
    at div
    at nav
    at navbar
    at div
    at div
    at div
    at div
    at Landing
    at RenderedRoute (http://localhost:5173/node_modules/.vite/deps/react-router.js?v=1d41f579:5452:26)
    at Routes (http://localhost:5173/node_modules/.vite/deps/react-router.js?v=1d41f579:6185:3)
    at Router (http://localhost:5173/node_modules/.vite/deps/react-router.js?v=1d41f579:6128:13)
    at BrowserRouter (http://localhost:5173/node_modules/.vite/deps/react-router.js?v=1d41f579:9146:3)
    at App @ http://localhost:5173/node_modules/.vite/deps/chunk-YFB5YCE7.js?v=4775499e:520
[     568ms] [ERROR] Warning: Invalid DOM property `%s`. Did you mean `%s`?%s stroke-width strokeWidth 
    at svg
    at a
    at div
    at MotionComponent (http://localhost:5173/node_modules/.vite/deps/framer-motion.js?v=3006b675:4899:40)
    at section
    at Maint
    at div
    at div
    at div
    at div
    at Landing
    at RenderedRoute (http://localhost:5173/node_modules/.vite/deps/react-router.js?v=1d41f579:5452:26)
    at Routes (http://localhost:5173/node_modules/.vite/deps/react-router.js?v=1d41f579:6185:3)
    at Router (http://localhost:5173/node_modules/.vite/deps/react-router.js?v=1d41f579:6128:13)
    at BrowserRouter (http://localhost:5173/node_modules/.vite/deps/react-router.js?v=1d41f579:9146:3)
    at App @ http://localhost:5173/node_modules/.vite/deps/chunk-YFB5YCE7.js?v=4775499e:520
[     568ms] [ERROR] Warning: Invalid DOM property `%s`. Did you mean `%s`?%s stroke-linecap strokeLinecap 
    at svg
    at a
    at div
    at MotionComponent (http://localhost:5173/node_modules/.vite/deps/framer-motion.js?v=3006b675:4899:40)
    at section
    at Maint
    at div
    at div
    at div
    at div
    at Landing
    at RenderedRoute (http://localhost:5173/node_modules/.vite/deps/react-router.js?v=1d41f579:5452:26)
    at Routes (http://localhost:5173/node_modules/.vite/deps/react-router.js?v=1d41f579:6185:3)
    at Router (http://localhost:5173/node_modules/.vite/deps/react-router.js?v=1d41f579:6128:13)
    at BrowserRouter (http://localhost:5173/node_modules/.vite/deps/react-router.js?v=1d41f579:9146:3)
    at App @ http://localhost:5173/node_modules/.vite/deps/chunk-YFB5YCE7.js?v=4775499e:520
[     568ms] [ERROR] Warning: Invalid DOM property `%s`. Did you mean `%s`?%s stroke-linejoin strokeLinejoin 
    at svg
    at a
    at div
    at MotionComponent (http://localhost:5173/node_modules/.vite/deps/framer-motion.js?v=3006b675:4899:40)
    at section
    at Maint
    at div
    at div
    at div
    at div
    at Landing
    at RenderedRoute (http://localhost:5173/node_modules/.vite/deps/react-router.js?v=1d41f579:5452:26)
    at Routes (http://localhost:5173/node_modules/.vite/deps/react-router.js?v=1d41f579:6185:3)
    at Router (http://localhost:5173/node_modules/.vite/deps/react-router.js?v=1d41f579:6128:13)
    at BrowserRouter (http://localhost:5173/node_modules/.vite/deps/react-router.js?v=1d41f579:9146:3)
    at App @ http://localhost:5173/node_modules/.vite/deps/chunk-YFB5YCE7.js?v=4775499e:520
[     764ms] [LOG] Container @ http://localhost:5173/src/Components/particleBakground.tsx:46
[     765ms] [LOG] Container @ http://localhost:5173/src/Components/particleBakground.tsx:46
[   11395ms] [LOG] Container @ http://localhost:5173/src/Components/particleBakground.tsx:46
[   11396ms] [LOG] Container @ http://localhost:5173/src/Components/particleBakground.tsx:46
[   11637ms] [ERROR] Failed to load resource: net::ERR_NAME_NOT_RESOLVED @ https://api.cryptocast.live/verify/eth:0
[   11637ms] [ERROR] error = TypeError: Failed to fetch
    at getEthVerified (http://localhost:5173/src/Pages/MainPage.tsx:64:31)
    at fetchData (http://localhost:5173/src/Pages/MainPage.tsx:132:17)
    at http://localhost:5173/src/Pages/MainPage.tsx:159:9
    at mountMemo (http://localhost:5173/node_modules/.vite/deps/chunk-YFB5YCE7.js?v=4775499e:12242:27)
    at Object.useMemo (http://localhost:5173/node_modules/.vite/deps/chunk-YFB5YCE7.js?v=4775499e:12566:24)
    at useMemo (http://localhost:5173/node_modules/.vite/deps/chunk-RLJ2RCJQ.js?v=4775499e:1094:29)
    at MainPage (http://localhost:5173/src/Pages/MainPage.tsx:158:5)
    at renderWithHooks (http://localhost:5173/node_modules/.vite/deps/chunk-YFB5YCE7.js?v=4775499e:11596:26)
    at mountIndeterminateComponent (http://localhost:5173/node_modules/.vite/deps/chunk-YFB5YCE7.js?v=4775499e:14974:21)
    at beginWork (http://localhost:5173/node_modules/.vite/deps/chunk-YFB5YCE7.js?v=4775499e:15962:22) @ http://localhost:5173/src/Pages/MainPage.tsx:70
[   11637ms] [ERROR] Failed to load resource: net::ERR_NAME_NOT_RESOLVED @ https://api.cryptocast.live/btc:0
[   11637ms] [ERROR] error = TypeError: Failed to fetch
    at getBtcPrice (http://localhost:5173/src/Pages/MainPage.tsx:90:31)
    at fetchData (http://localhost:5173/src/Pages/MainPage.tsx:131:17)
    at http://localhost:5173/src/Pages/MainPage.tsx:159:9
    at mountMemo (http://localhost:5173/node_modules/.vite/deps/chunk-YFB5YCE7.js?v=4775499e:12242:27)
    at Object.useMemo (http://localhost:5173/node_modules/.vite/deps/chunk-YFB5YCE7.js?v=4775499e:12566:24)
    at useMemo (http://localhost:5173/node_modules/.vite/deps/chunk-RLJ2RCJQ.js?v=4775499e:1094:29)
    at MainPage (http://localhost:5173/src/Pages/MainPage.tsx:158:5)
    at renderWithHooks (http://localhost:5173/node_modules/.vite/deps/chunk-YFB5YCE7.js?v=4775499e:11596:26)
    at mountIndeterminateComponent (http://localhost:5173/node_modules/.vite/deps/chunk-YFB5YCE7.js?v=4775499e:14974:21)
    at beginWork (http://localhost:5173/node_modules/.vite/deps/chunk-YFB5YCE7.js?v=4775499e:15962:22) @ http://localhost:5173/src/Pages/MainPage.tsx:96
[   11637ms] [ERROR] Failed to load resource: net::ERR_NAME_NOT_RESOLVED @ https://api.cryptocast.live/eth:0
[   11637ms] [ERROR] error = TypeError: Failed to fetch
    at getEthPrice (http://localhost:5173/src/Pages/MainPage.tsx:77:31)
    at fetchData (http://localhost:5173/src/Pages/MainPage.tsx:130:17)
    at http://localhost:5173/src/Pages/MainPage.tsx:159:9
    at mountMemo (http://localhost:5173/node_modules/.vite/deps/chunk-YFB5YCE7.js?v=4775499e:12242:27)
    at Object.useMemo (http://localhost:5173/node_modules/.vite/deps/chunk-YFB5YCE7.js?v=4775499e:12566:24)
    at useMemo (http://localhost:5173/node_modules/.vite/deps/chunk-RLJ2RCJQ.js?v=4775499e:1094:29)
    at MainPage (http://localhost:5173/src/Pages/MainPage.tsx:158:5)
    at renderWithHooks (http://localhost:5173/node_modules/.vite/deps/chunk-YFB5YCE7.js?v=4775499e:11596:26)
    at mountIndeterminateComponent (http://localhost:5173/node_modules/.vite/deps/chunk-YFB5YCE7.js?v=4775499e:14974:21)
    at beginWork (http://localhost:5173/node_modules/.vite/deps/chunk-YFB5YCE7.js?v=4775499e:15962:22) @ http://localhost:5173/src/Pages/MainPage.tsx:83
[   11637ms] [ERROR] Failed to load resource: net::ERR_NAME_NOT_RESOLVED @ https://api.cryptocast.live/verify/btc:0
[   11637ms] [ERROR] error = TypeError: Failed to fetch
    at getBtcVerified (http://localhost:5173/src/Pages/MainPage.tsx:51:31)
    at fetchData (http://localhost:5173/src/Pages/MainPage.tsx:133:17)
    at http://localhost:5173/src/Pages/MainPage.tsx:159:9
    at mountMemo (http://localhost:5173/node_modules/.vite/deps/chunk-YFB5YCE7.js?v=4775499e:12242:27)
    at Object.useMemo (http://localhost:5173/node_modules/.vite/deps/chunk-YFB5YCE7.js?v=4775499e:12566:24)
    at useMemo (http://localhost:5173/node_modules/.vite/deps/chunk-RLJ2RCJQ.js?v=4775499e:1094:29)
    at MainPage (http://localhost:5173/src/Pages/MainPage.tsx:158:5)
    at renderWithHooks (http://localhost:5173/node_modules/.vite/deps/chunk-YFB5YCE7.js?v=4775499e:11596:26)
    at mountIndeterminateComponent (http://localhost:5173/node_modules/.vite/deps/chunk-YFB5YCE7.js?v=4775499e:14974:21)
    at beginWork (http://localhost:5173/node_modules/.vite/deps/chunk-YFB5YCE7.js?v=4775499e:15962:22) @ http://localhost:5173/src/Pages/MainPage.tsx:57
[   11638ms] [ERROR] Failed to load resource: net::ERR_NAME_NOT_RESOLVED @ https://api.cryptocast.live/volatility/eth:0
[   11638ms] [ERROR] error = TypeError: Failed to fetch
    at getEthError (http://localhost:5173/src/Pages/MainPage.tsx:103:31)
    at fetchData (http://localhost:5173/src/Pages/MainPage.tsx:134:17)
    at http://localhost:5173/src/Pages/MainPage.tsx:159:9
    at mountMemo (http://localhost:5173/node_modules/.vite/deps/chunk-YFB5YCE7.js?v=4775499e:12242:27)
    at Object.useMemo (http://localhost:5173/node_modules/.vite/deps/chunk-YFB5YCE7.js?v=4775499e:12566:24)
    at useMemo (http://localhost:5173/node_modules/.vite/deps/chunk-RLJ2RCJQ.js?v=4775499e:1094:29)
    at MainPage (http://localhost:5173/src/Pages/MainPage.tsx:158:5)
    at renderWithHooks (http://localhost:5173/node_modules/.vite/deps/chunk-YFB5YCE7.js?v=4775499e:11596:26)
    at mountIndeterminateComponent (http://localhost:5173/node_modules/.vite/deps/chunk-YFB5YCE7.js?v=4775499e:14974:21)
    at beginWork (http://localhost:5173/node_modules/.vite/deps/chunk-YFB5YCE7.js?v=4775499e:15962:22) @ http://localhost:5173/src/Pages/MainPage.tsx:109
[   11638ms] [ERROR] Failed to load resource: net::ERR_NAME_NOT_RESOLVED @ https://api.cryptocast.live/volatility/btc:0
[   11638ms] [ERROR] error = TypeError: Failed to fetch
    at getBtcError (http://localhost:5173/src/Pages/MainPage.tsx:116:31)
    at fetchData (http://localhost:5173/src/Pages/MainPage.tsx:135:17)
    at http://localhost:5173/src/Pages/MainPage.tsx:159:9
    at mountMemo (http://localhost:5173/node_modules/.vite/deps/chunk-YFB5YCE7.js?v=4775499e:12242:27)
    at Object.useMemo (http://localhost:5173/node_modules/.vite/deps/chunk-YFB5YCE7.js?v=4775499e:12566:24)
    at useMemo (http://localhost:5173/node_modules/.vite/deps/chunk-RLJ2RCJQ.js?v=4775499e:1094:29)
    at MainPage (http://localhost:5173/src/Pages/MainPage.tsx:158:5)
    at renderWithHooks (http://localhost:5173/node_modules/.vite/deps/chunk-YFB5YCE7.js?v=4775499e:11596:26)
    at mountIndeterminateComponent (http://localhost:5173/node_modules/.vite/deps/chunk-YFB5YCE7.js?v=4775499e:14974:21)
    at beginWork (http://localhost:5173/node_modules/.vite/deps/chunk-YFB5YCE7.js?v=4775499e:15962:22) @ http://localhost:5173/src/Pages/MainPage.tsx:122
[   11638ms] [ERROR] Failed to load resource: net::ERR_NAME_NOT_RESOLVED @ https://api.cryptocast.live/eth:0
[   11638ms] [ERROR] error = TypeError: Failed to fetch
    at getEthPrice (http://localhost:5173/src/Pages/MainPage.tsx:77:31)
    at fetchData (http://localhost:5173/src/Pages/MainPage.tsx:130:17)
    at http://localhost:5173/src/Pages/MainPage.tsx:159:9
    at mountMemo (http://localhost:5173/node_modules/.vite/deps/chunk-YFB5YCE7.js?v=4775499e:12242:27)
    at Object.useMemo (http://localhost:5173/node_modules/.vite/deps/chunk-YFB5YCE7.js?v=4775499e:12566:24)
    at useMemo (http://localhost:5173/node_modules/.vite/deps/chunk-RLJ2RCJQ.js?v=4775499e:1094:29)
    at MainPage (http://localhost:5173/src/Pages/MainPage.tsx:158:5)
    at renderWithHooks (http://localhost:5173/node_modules/.vite/deps/chunk-YFB5YCE7.js?v=4775499e:11596:26)
    at mountIndeterminateComponent (http://localhost:5173/node_modules/.vite/deps/chunk-YFB5YCE7.js?v=4775499e:15024:27)
    at beginWork (http://localhost:5173/node_modules/.vite/deps/chunk-YFB5YCE7.js?v=4775499e:15962:22) @ http://localhost:5173/src/Pages/MainPage.tsx:83
[   11639ms] [ERROR] Failed to load resource: net::ERR_NAME_NOT_RESOLVED @ https://api.cryptocast.live/verify/eth:0
[   11639ms] [ERROR] error = TypeError: Failed to fetch
    at getEthVerified (http://localhost:5173/src/Pages/MainPage.tsx:64:31)
    at fetchData (http://localhost:5173/src/Pages/MainPage.tsx:132:17)
    at http://localhost:5173/src/Pages/MainPage.tsx:159:9
    at mountMemo (http://localhost:5173/node_modules/.vite/deps/chunk-YFB5YCE7.js?v=4775499e:12242:27)
    at Object.useMemo (http://localhost:5173/node_modules/.vite/deps/chunk-YFB5YCE7.js?v=4775499e:12566:24)
    at useMemo (http://localhost:5173/node_modules/.vite/deps/chunk-RLJ2RCJQ.js?v=4775499e:1094:29)
    at MainPage (http://localhost:5173/src/Pages/MainPage.tsx:158:5)
    at renderWithHooks (http://localhost:5173/node_modules/.vite/deps/chunk-YFB5YCE7.js?v=4775499e:11596:26)
    at mountIndeterminateComponent (http://localhost:5173/node_modules/.vite/deps/chunk-YFB5YCE7.js?v=4775499e:15024:27)
    at beginWork (http://localhost:5173/node_modules/.vite/deps/chunk-YFB5YCE7.js?v=4775499e:15962:22) @ http://localhost:5173/src/Pages/MainPage.tsx:70
[   11639ms] [ERROR] Failed to load resource: net::ERR_NAME_NOT_RESOLVED @ https://api.cryptocast.live/btc:0
[   11639ms] [ERROR] error = TypeError: Failed to fetch
    at getBtcPrice (http://localhost:5173/src/Pages/MainPage.tsx:90:31)
    at fetchData (http://localhost:5173/src/Pages/MainPage.tsx:131:17)
    at http://localhost:5173/src/Pages/MainPage.tsx:159:9
    at mountMemo (http://localhost:5173/node_modules/.vite/deps/chunk-YFB5YCE7.js?v=4775499e:12242:27)
    at Object.useMemo (http://localhost:5173/node_modules/.vite/deps/chunk-YFB5YCE7.js?v=4775499e:12566:24)
    at useMemo (http://localhost:5173/node_modules/.vite/deps/chunk-RLJ2RCJQ.js?v=4775499e:1094:29)
    at MainPage (http://localhost:5173/src/Pages/MainPage.tsx:158:5)
    at renderWithHooks (http://localhost:5173/node_modules/.vite/deps/chunk-YFB5YCE7.js?v=4775499e:11596:26)
    at mountIndeterminateComponent (http://localhost:5173/node_modules/.vite/deps/chunk-YFB5YCE7.js?v=4775499e:15024:27)
    at beginWork (http://localhost:5173/node_modules/.vite/deps/chunk-YFB5YCE7.js?v=4775499e:15962:22) @ http://localhost:5173/src/Pages/MainPage.tsx:96
[   11639ms] [ERROR] Failed to load resource: net::ERR_NAME_NOT_RESOLVED @ https://api.cryptocast.live/volatility/btc:0
[   11639ms] [ERROR] error = TypeError: Failed to fetch
    at getBtcError (http://localhost:5173/src/Pages/MainPage.tsx:116:31)
    at fetchData (http://localhost:5173/src/Pages/MainPage.tsx:135:17)
    at http://localhost:5173/src/Pages/MainPage.tsx:159:9
    at mountMemo (http://localhost:5173/node_modules/.vite/deps/chunk-YFB5YCE7.js?v=4775499e:12242:27)
    at Object.useMemo (http://localhost:5173/node_modules/.vite/deps/chunk-YFB5YCE7.js?v=4775499e:12566:24)
    at useMemo (http://localhost:5173/node_modules/.vite/deps/chunk-RLJ2RCJQ.js?v=4775499e:1094:29)
    at MainPage (http://localhost:5173/src/Pages/MainPage.tsx:158:5)
    at renderWithHooks (http://localhost:5173/node_modules/.vite/deps/chunk-YFB5YCE7.js?v=4775499e:11596:26)
    at mountIndeterminateComponent (http://localhost:5173/node_modules/.vite/deps/chunk-YFB5YCE7.js?v=4775499e:15024:27)
    at beginWork (http://localhost:5173/node_modules/.vite/deps/chunk-YFB5YCE7.js?v=4775499e:15962:22) @ http://localhost:5173/src/Pages/MainPage.tsx:122
[   11639ms] [ERROR] Failed to load resource: net::ERR_NAME_NOT_RESOLVED @ https://api.cryptocast.live/volatility/eth:0
[   11639ms] [ERROR] error = TypeError: Failed to fetch
    at getEthError (http://localhost:5173/src/Pages/MainPage.tsx:103:31)
    at fetchData (http://localhost:5173/src/Pages/MainPage.tsx:134:17)
    at http://localhost:5173/src/Pages/MainPage.tsx:159:9
    at mountMemo (http://localhost:5173/node_modules/.vite/deps/chunk-YFB5YCE7.js?v=4775499e:12242:27)
    at Object.useMemo (http://localhost:5173/node_modules/.vite/deps/chunk-YFB5YCE7.js?v=4775499e:12566:24)
    at useMemo (http://localhost:5173/node_modules/.vite/deps/chunk-RLJ2RCJQ.js?v=4775499e:1094:29)
    at MainPage (http://localhost:5173/src/Pages/MainPage.tsx:158:5)
    at renderWithHooks (http://localhost:5173/node_modules/.vite/deps/chunk-YFB5YCE7.js?v=4775499e:11596:26)
    at mountIndeterminateComponent (http://localhost:5173/node_modules/.vite/deps/chunk-YFB5YCE7.js?v=4775499e:15024:27)
    at beginWork (http://localhost:5173/node_modules/.vite/deps/chunk-YFB5YCE7.js?v=4775499e:15962:22) @ http://localhost:5173/src/Pages/MainPage.tsx:109
[   11639ms] [ERROR] Failed to load resource: net::ERR_NAME_NOT_RESOLVED @ https://api.cryptocast.live/verify/btc:0
[   11639ms] [ERROR] error = TypeError: Failed to fetch
    at getBtcVerified (http://localhost:5173/src/Pages/MainPage.tsx:51:31)
    at fetchData (http://localhost:5173/src/Pages/MainPage.tsx:133:17)
    at http://localhost:5173/src/Pages/MainPage.tsx:159:9
    at mountMemo (http://localhost:5173/node_modules/.vite/deps/chunk-YFB5YCE7.js?v=4775499e:12242:27)
    at Object.useMemo (http://localhost:5173/node_modules/.vite/deps/chunk-YFB5YCE7.js?v=4775499e:12566:24)
    at useMemo (http://localhost:5173/node_modules/.vite/deps/chunk-RLJ2RCJQ.js?v=4775499e:1094:29)
    at MainPage (http://localhost:5173/src/Pages/MainPage.tsx:158:5)
    at renderWithHooks (http://localhost:5173/node_modules/.vite/deps/chunk-YFB5YCE7.js?v=4775499e:11596:26)
    at mountIndeterminateComponent (http://localhost:5173/node_modules/.vite/deps/chunk-YFB5YCE7.js?v=4775499e:15024:27)
    at beginWork (http://localhost:5173/node_modules/.vite/deps/chunk-YFB5YCE7.js?v=4775499e:15962:22) @ http://localhost:5173/src/Pages/MainPage.tsx:57
[   11651ms] [LOG] Container @ http://localhost:5173/src/Components/particleBakground.tsx:46
[  611384ms] [ERROR] Failed to load resource: net::ERR_NAME_NOT_RESOLVED @ https://api.cryptocast.live/eth:0
[  611385ms] [ERROR] error = TypeError: Failed to fetch
    at getEthPrice (http://localhost:5173/src/Pages/MainPage.tsx:77:31)
    at fetchData (http://localhost:5173/src/Pages/MainPage.tsx:130:17)
    at http://localhost:5173/src/Pages/MainPage.tsx:161:13 @ http://localhost:5173/src/Pages/MainPage.tsx:83
[  611388ms] [ERROR] Failed to load resource: net::ERR_NAME_NOT_RESOLVED @ https://api.cryptocast.live/btc:0
[  611388ms] [ERROR] error = TypeError: Failed to fetch
    at getBtcPrice (http://localhost:5173/src/Pages/MainPage.tsx:90:31)
    at fetchData (http://localhost:5173/src/Pages/MainPage.tsx:131:17)
    at http://localhost:5173/src/Pages/MainPage.tsx:161:13 @ http://localhost:5173/src/Pages/MainPage.tsx:96
[  611388ms] [ERROR] Failed to load resource: net::ERR_NAME_NOT_RESOLVED @ https://api.cryptocast.live/verify/eth:0
[  611388ms] [ERROR] error = TypeError: Failed to fetch
    at getEthVerified (http://localhost:5173/src/Pages/MainPage.tsx:64:31)
    at fetchData (http://localhost:5173/src/Pages/MainPage.tsx:132:17)
    at http://localhost:5173/src/Pages/MainPage.tsx:161:13 @ http://localhost:5173/src/Pages/MainPage.tsx:70
[  611388ms] [ERROR] Failed to load resource: net::ERR_NAME_NOT_RESOLVED @ https://api.cryptocast.live/verify/btc:0
[  611388ms] [ERROR] error = TypeError: Failed to fetch
    at getBtcVerified (http://localhost:5173/src/Pages/MainPage.tsx:51:31)
    at fetchData (http://localhost:5173/src/Pages/MainPage.tsx:133:17)
    at http://localhost:5173/src/Pages/MainPage.tsx:161:13 @ http://localhost:5173/src/Pages/MainPage.tsx:57
[  611389ms] [ERROR] Failed to load resource: net::ERR_NAME_NOT_RESOLVED @ https://api.cryptocast.live/volatility/eth:0
[  611389ms] [ERROR] error = TypeError: Failed to fetch
    at getEthError (http://localhost:5173/src/Pages/MainPage.tsx:103:31)
    at fetchData (http://localhost:5173/src/Pages/MainPage.tsx:134:17)
    at http://localhost:5173/src/Pages/MainPage.tsx:161:13 @ http://localhost:5173/src/Pages/MainPage.tsx:109
[  611389ms] [ERROR] Failed to load resource: net::ERR_NAME_NOT_RESOLVED @ https://api.cryptocast.live/volatility/btc:0
[  611389ms] [ERROR] error = TypeError: Failed to fetch
    at getBtcError (http://localhost:5173/src/Pages/MainPage.tsx:116:31)
    at fetchData (http://localhost:5173/src/Pages/MainPage.tsx:135:17)
    at http://localhost:5173/src/Pages/MainPage.tsx:161:13 @ http://localhost:5173/src/Pages/MainPage.tsx:122
[  611390ms] [ERROR] Failed to load resource: net::ERR_NAME_NOT_RESOLVED @ https://api.cryptocast.live/verify/eth:0
[  611390ms] [ERROR] error = TypeError: Failed to fetch
    at getEthVerified (http://localhost:5173/src/Pages/MainPage.tsx:64:31)
    at fetchData (http://localhost:5173/src/Pages/MainPage.tsx:132:17)
    at http://localhost:5173/src/Pages/MainPage.tsx:161:13 @ http://localhost:5173/src/Pages/MainPage.tsx:70
[  611390ms] [ERROR] Failed to load resource: net::ERR_NAME_NOT_RESOLVED @ https://api.cryptocast.live/btc:0
[  611390ms] [ERROR] error = TypeError: Failed to fetch
    at getBtcPrice (http://localhost:5173/src/Pages/MainPage.tsx:90:31)
    at fetchData (http://localhost:5173/src/Pages/MainPage.tsx:131:17)
    at http://localhost:5173/src/Pages/MainPage.tsx:161:13 @ http://localhost:5173/src/Pages/MainPage.tsx:96
[  611390ms] [ERROR] Failed to load resource: net::ERR_NAME_NOT_RESOLVED @ https://api.cryptocast.live/eth:0
[  611390ms] [ERROR] error = TypeError: Failed to fetch
    at getEthPrice (http://localhost:5173/src/Pages/MainPage.tsx:77:31)
    at fetchData (http://localhost:5173/src/Pages/MainPage.tsx:130:17)
    at http://localhost:5173/src/Pages/MainPage.tsx:161:13 @ http://localhost:5173/src/Pages/MainPage.tsx:83
[  611390ms] [ERROR] Failed to load resource: net::ERR_NAME_NOT_RESOLVED @ https://api.cryptocast.live/volatility/btc:0
[  611390ms] [ERROR] error = TypeError: Failed to fetch
    at getBtcError (http://localhost:5173/src/Pages/MainPage.tsx:116:31)
    at fetchData (http://localhost:5173/src/Pages/MainPage.tsx:135:17)
    at http://localhost:5173/src/Pages/MainPage.tsx:161:13 @ http://localhost:5173/src/Pages/MainPage.tsx:122
[  611390ms] [ERROR] Failed to load resource: net::ERR_NAME_NOT_RESOLVED @ https://api.cryptocast.live/volatility/eth:0
[  611390ms] [ERROR] error = TypeError: Failed to fetch
    at getEthError (http://localhost:5173/src/Pages/MainPage.tsx:103:31)
    at fetchData (http://localhost:5173/src/Pages/MainPage.tsx:134:17)
    at http://localhost:5173/src/Pages/MainPage.tsx:161:13 @ http://localhost:5173/src/Pages/MainPage.tsx:109
[  611390ms] [ERROR] Failed to load resource: net::ERR_NAME_NOT_RESOLVED @ https://api.cryptocast.live/verify/btc:0
[  611390ms] [ERROR] error = TypeError: Failed to fetch
    at getBtcVerified (http://localhost:5173/src/Pages/MainPage.tsx:51:31)
    at fetchData (http://localhost:5173/src/Pages/MainPage.tsx:133:17)
    at http://localhost:5173/src/Pages/MainPage.tsx:161:13 @ http://localhost:5173/src/Pages/MainPage.tsx:57
[  870982ms] [LOG] [vite] server connection lost. Polling for restart... @ http://localhost:5173/@vite/client:963
[  871297ms] [INFO] %cDownload the React DevTools for a better development experience: https://reactjs.org/link/react-devtools font-weight:bold @ http://localhost:5173/node_modules/.vite/deps/chunk-YFB5YCE7.js?v=28f1e096:21608
[  871370ms] [ERROR] Failed to load resource: net::ERR_NAME_NOT_RESOLVED @ https://api.cryptocast.live/verify/eth:0
[  871370ms] [ERROR] error = TypeError: Failed to fetch
    at getEthVerified (http://localhost:5173/src/Pages/MainPage.tsx:64:31)
    at fetchData (http://localhost:5173/src/Pages/MainPage.tsx:132:17)
    at http://localhost:5173/src/Pages/MainPage.tsx:159:9
    at mountMemo (http://localhost:5173/node_modules/.vite/deps/chunk-YFB5YCE7.js?v=28f1e096:12242:27)
    at Object.useMemo (http://localhost:5173/node_modules/.vite/deps/chunk-YFB5YCE7.js?v=28f1e096:12566:24)
    at useMemo (http://localhost:5173/node_modules/.vite/deps/chunk-RLJ2RCJQ.js?v=28f1e096:1094:29)
    at MainPage (http://localhost:5173/src/Pages/MainPage.tsx:158:5)
    at renderWithHooks (http://localhost:5173/node_modules/.vite/deps/chunk-YFB5YCE7.js?v=28f1e096:11596:26)
    at mountIndeterminateComponent (http://localhost:5173/node_modules/.vite/deps/chunk-YFB5YCE7.js?v=28f1e096:14974:21)
    at beginWork (http://localhost:5173/node_modules/.vite/deps/chunk-YFB5YCE7.js?v=28f1e096:15962:22) @ http://localhost:5173/src/Pages/MainPage.tsx:70
[  871371ms] [ERROR] Failed to load resource: net::ERR_NAME_NOT_RESOLVED @ https://api.cryptocast.live/eth:0
[  871371ms] [ERROR] error = TypeError: Failed to fetch
    at getEthPrice (http://localhost:5173/src/Pages/MainPage.tsx:77:31)
    at fetchData (http://localhost:5173/src/Pages/MainPage.tsx:130:17)
    at http://localhost:5173/src/Pages/MainPage.tsx:159:9
    at mountMemo (http://localhost:5173/node_modules/.vite/deps/chunk-YFB5YCE7.js?v=28f1e096:12242:27)
    at Object.useMemo (http://localhost:5173/node_modules/.vite/deps/chunk-YFB5YCE7.js?v=28f1e096:12566:24)
    at useMemo (http://localhost:5173/node_modules/.vite/deps/chunk-RLJ2RCJQ.js?v=28f1e096:1094:29)
    at MainPage (http://localhost:5173/src/Pages/MainPage.tsx:158:5)
    at renderWithHooks (http://localhost:5173/node_modules/.vite/deps/chunk-YFB5YCE7.js?v=28f1e096:11596:26)
    at mountIndeterminateComponent (http://localhost:5173/node_modules/.vite/deps/chunk-YFB5YCE7.js?v=28f1e096:14974:21)
    at beginWork (http://localhost:5173/node_modules/.vite/deps/chunk-YFB5YCE7.js?v=28f1e096:15962:22) @ http://localhost:5173/src/Pages/MainPage.tsx:83
[  871371ms] [ERROR] Failed to load resource: net::ERR_NAME_NOT_RESOLVED @ https://api.cryptocast.live/btc:0
[  871371ms] [ERROR] error = TypeError: Failed to fetch
    at getBtcPrice (http://localhost:5173/src/Pages/MainPage.tsx:90:31)
    at fetchData (http://localhost:5173/src/Pages/MainPage.tsx:131:17)
    at http://localhost:5173/src/Pages/MainPage.tsx:159:9
    at mountMemo (http://localhost:5173/node_modules/.vite/deps/chunk-YFB5YCE7.js?v=28f1e096:12242:27)
    at Object.useMemo (http://localhost:5173/node_modules/.vite/deps/chunk-YFB5YCE7.js?v=28f1e096:12566:24)
    at useMemo (http://localhost:5173/node_modules/.vite/deps/chunk-RLJ2RCJQ.js?v=28f1e096:1094:29)
    at MainPage (http://localhost:5173/src/Pages/MainPage.tsx:158:5)
    at renderWithHooks (http://localhost:5173/node_modules/.vite/deps/chunk-YFB5YCE7.js?v=28f1e096:11596:26)
    at mountIndeterminateComponent (http://localhost:5173/node_modules/.vite/deps/chunk-YFB5YCE7.js?v=28f1e096:14974:21)
    at beginWork (http://localhost:5173/node_modules/.vite/deps/chunk-YFB5YCE7.js?v=28f1e096:15962:22) @ http://localhost:5173/src/Pages/MainPage.tsx:96
[  871371ms] [ERROR] Failed to load resource: net::ERR_NAME_NOT_RESOLVED @ https://api.cryptocast.live/volatility/btc:0
[  871371ms] [ERROR] error = TypeError: Failed to fetch
    at getBtcError (http://localhost:5173/src/Pages/MainPage.tsx:116:31)
    at fetchData (http://localhost:5173/src/Pages/MainPage.tsx:135:17)
    at http://localhost:5173/src/Pages/MainPage.tsx:159:9
    at mountMemo (http://localhost:5173/node_modules/.vite/deps/chunk-YFB5YCE7.js?v=28f1e096:12242:27)
    at Object.useMemo (http://localhost:5173/node_modules/.vite/deps/chunk-YFB5YCE7.js?v=28f1e096:12566:24)
    at useMemo (http://localhost:5173/node_modules/.vite/deps/chunk-RLJ2RCJQ.js?v=28f1e096:1094:29)
    at MainPage (http://localhost:5173/src/Pages/MainPage.tsx:158:5)
    at renderWithHooks (http://localhost:5173/node_modules/.vite/deps/chunk-YFB5YCE7.js?v=28f1e096:11596:26)
    at mountIndeterminateComponent (http://localhost:5173/node_modules/.vite/deps/chunk-YFB5YCE7.js?v=28f1e096:14974:21)
    at beginWork (http://localhost:5173/node_modules/.vite/deps/chunk-YFB5YCE7.js?v=28f1e096:15962:22) @ http://localhost:5173/src/Pages/MainPage.tsx:122
[  871371ms] [ERROR] Failed to load resource: net::ERR_NAME_NOT_RESOLVED @ https://api.cryptocast.live/volatility/eth:0
[  871371ms] [ERROR] error = TypeError: Failed to fetch
    at getEthError (http://localhost:5173/src/Pages/MainPage.tsx:103:31)
    at fetchData (http://localhost:5173/src/Pages/MainPage.tsx:134:17)
    at http://localhost:5173/src/Pages/MainPage.tsx:159:9
    at mountMemo (http://localhost:5173/node_modules/.vite/deps/chunk-YFB5YCE7.js?v=28f1e096:12242:27)
    at Object.useMemo (http://localhost:5173/node_modules/.vite/deps/chunk-YFB5YCE7.js?v=28f1e096:12566:24)
    at useMemo (http://localhost:5173/node_modules/.vite/deps/chunk-RLJ2RCJQ.js?v=28f1e096:1094:29)
    at MainPage (http://localhost:5173/src/Pages/MainPage.tsx:158:5)
    at renderWithHooks (http://localhost:5173/node_modules/.vite/deps/chunk-YFB5YCE7.js?v=28f1e096:11596:26)
    at mountIndeterminateComponent (http://localhost:5173/node_modules/.vite/deps/chunk-YFB5YCE7.js?v=28f1e096:14974:21)
    at beginWork (http://localhost:5173/node_modules/.vite/deps/chunk-YFB5YCE7.js?v=28f1e096:15962:22) @ http://localhost:5173/src/Pages/MainPage.tsx:109
[  871371ms] [ERROR] Failed to load resource: net::ERR_NAME_NOT_RESOLVED @ https://api.cryptocast.live/verify/btc:0
[  871371ms] [ERROR] error = TypeError: Failed to fetch
    at getBtcVerified (http://localhost:5173/src/Pages/MainPage.tsx:51:31)
    at fetchData (http://localhost:5173/src/Pages/MainPage.tsx:133:17)
    at http://localhost:5173/src/Pages/MainPage.tsx:159:9
    at mountMemo (http://localhost:5173/node_modules/.vite/deps/chunk-YFB5YCE7.js?v=28f1e096:12242:27)
    at Object.useMemo (http://localhost:5173/node_modules/.vite/deps/chunk-YFB5YCE7.js?v=28f1e096:12566:24)
    at useMemo (http://localhost:5173/node_modules/.vite/deps/chunk-RLJ2RCJQ.js?v=28f1e096:1094:29)
    at MainPage (http://localhost:5173/src/Pages/MainPage.tsx:158:5)
    at renderWithHooks (http://localhost:5173/node_modules/.vite/deps/chunk-YFB5YCE7.js?v=28f1e096:11596:26)
    at mountIndeterminateComponent (http://localhost:5173/node_modules/.vite/deps/chunk-YFB5YCE7.js?v=28f1e096:14974:21)
    at beginWork (http://localhost:5173/node_modules/.vite/deps/chunk-YFB5YCE7.js?v=28f1e096:15962:22) @ http://localhost:5173/src/Pages/MainPage.tsx:57
[  871373ms] [ERROR] Failed to load resource: net::ERR_NAME_NOT_RESOLVED @ https://api.cryptocast.live/btc:0
[  871373ms] [ERROR] error = TypeError: Failed to fetch
    at getBtcPrice (http://localhost:5173/src/Pages/MainPage.tsx:90:31)
    at fetchData (http://localhost:5173/src/Pages/MainPage.tsx:131:17)
    at http://localhost:5173/src/Pages/MainPage.tsx:159:9
    at mountMemo (http://localhost:5173/node_modules/.vite/deps/chunk-YFB5YCE7.js?v=28f1e096:12242:27)
    at Object.useMemo (http://localhost:5173/node_modules/.vite/deps/chunk-YFB5YCE7.js?v=28f1e096:12566:24)
    at useMemo (http://localhost:5173/node_modules/.vite/deps/chunk-RLJ2RCJQ.js?v=28f1e096:1094:29)
    at MainPage (http://localhost:5173/src/Pages/MainPage.tsx:158:5)
    at renderWithHooks (http://localhost:5173/node_modules/.vite/deps/chunk-YFB5YCE7.js?v=28f1e096:11596:26)
    at mountIndeterminateComponent (http://localhost:5173/node_modules/.vite/deps/chunk-YFB5YCE7.js?v=28f1e096:15024:27)
    at beginWork (http://localhost:5173/node_modules/.vite/deps/chunk-YFB5YCE7.js?v=28f1e096:15962:22) @ http://localhost:5173/src/Pages/MainPage.tsx:96
[  871373ms] [ERROR] Failed to load resource: net::ERR_NAME_NOT_RESOLVED @ https://api.cryptocast.live/eth:0
[  871373ms] [ERROR] error = TypeError: Failed to fetch
    at getEthPrice (http://localhost:5173/src/Pages/MainPage.tsx:77:31)
    at fetchData (http://localhost:5173/src/Pages/MainPage.tsx:130:17)
    at http://localhost:5173/src/Pages/MainPage.tsx:159:9
    at mountMemo (http://localhost:5173/node_modules/.vite/deps/chunk-YFB5YCE7.js?v=28f1e096:12242:27)
    at Object.useMemo (http://localhost:5173/node_modules/.vite/deps/chunk-YFB5YCE7.js?v=28f1e096:12566:24)
    at useMemo (http://localhost:5173/node_modules/.vite/deps/chunk-RLJ2RCJQ.js?v=28f1e096:1094:29)
    at MainPage (http://localhost:5173/src/Pages/MainPage.tsx:158:5)
    at renderWithHooks (http://localhost:5173/node_modules/.vite/deps/chunk-YFB5YCE7.js?v=28f1e096:11596:26)
    at mountIndeterminateComponent (http://localhost:5173/node_modules/.vite/deps/chunk-YFB5YCE7.js?v=28f1e096:15024:27)
    at beginWork (http://localhost:5173/node_modules/.vite/deps/chunk-YFB5YCE7.js?v=28f1e096:15962:22) @ http://localhost:5173/src/Pages/MainPage.tsx:83
[  871374ms] [ERROR] Failed to load resource: net::ERR_NAME_NOT_RESOLVED @ https://api.cryptocast.live/verify/eth:0
[  871374ms] [ERROR] error = TypeError: Failed to fetch
    at getEthVerified (http://localhost:5173/src/Pages/MainPage.tsx:64:31)
    at fetchData (http://localhost:5173/src/Pages/MainPage.tsx:132:17)
    at http://localhost:5173/src/Pages/MainPage.tsx:159:9
    at mountMemo (http://localhost:5173/node_modules/.vite/deps/chunk-YFB5YCE7.js?v=28f1e096:12242:27)
    at Object.useMemo (http://localhost:5173/node_modules/.vite/deps/chunk-YFB5YCE7.js?v=28f1e096:12566:24)
    at useMemo (http://localhost:5173/node_modules/.vite/deps/chunk-RLJ2RCJQ.js?v=28f1e096:1094:29)
    at MainPage (http://localhost:5173/src/Pages/MainPage.tsx:158:5)
    at renderWithHooks (http://localhost:5173/node_modules/.vite/deps/chunk-YFB5YCE7.js?v=28f1e096:11596:26)
    at mountIndeterminateComponent (http://localhost:5173/node_modules/.vite/deps/chunk-YFB5YCE7.js?v=28f1e096:15024:27)
    at beginWork (http://localhost:5173/node_modules/.vite/deps/chunk-YFB5YCE7.js?v=28f1e096:15962:22) @ http://localhost:5173/src/Pages/MainPage.tsx:70
[  871374ms] [ERROR] Failed to load resource: net::ERR_NAME_NOT_RESOLVED @ https://api.cryptocast.live/verify/btc:0
[  871374ms] [ERROR] error = TypeError: Failed to fetch
    at getBtcVerified (http://localhost:5173/src/Pages/MainPage.tsx:51:31)
    at fetchData (http://localhost:5173/src/Pages/MainPage.tsx:133:17)
    at http://localhost:5173/src/Pages/MainPage.tsx:159:9
    at mountMemo (http://localhost:5173/node_modules/.vite/deps/chunk-YFB5YCE7.js?v=28f1e096:12242:27)
    at Object.useMemo (http://localhost:5173/node_modules/.vite/deps/chunk-YFB5YCE7.js?v=28f1e096:12566:24)
    at useMemo (http://localhost:5173/node_modules/.vite/deps/chunk-RLJ2RCJQ.js?v=28f1e096:1094:29)
    at MainPage (http://localhost:5173/src/Pages/MainPage.tsx:158:5)
    at renderWithHooks (http://localhost:5173/node_modules/.vite/deps/chunk-YFB5YCE7.js?v=28f1e096:11596:26)
    at mountIndeterminateComponent (http://localhost:5173/node_modules/.vite/deps/chunk-YFB5YCE7.js?v=28f1e096:15024:27)
    at beginWork (http://localhost:5173/node_modules/.vite/deps/chunk-YFB5YCE7.js?v=28f1e096:15962:22) @ http://localhost:5173/src/Pages/MainPage.tsx:57
[  871374ms] [ERROR] Failed to load resource: net::ERR_NAME_NOT_RESOLVED @ https://api.cryptocast.live/volatility/eth:0
[  871374ms] [ERROR] error = TypeError: Failed to fetch
    at getEthError (http://localhost:5173/src/Pages/MainPage.tsx:103:31)
    at fetchData (http://localhost:5173/src/Pages/MainPage.tsx:134:17)
    at http://localhost:5173/src/Pages/MainPage.tsx:159:9
    at mountMemo (http://localhost:5173/node_modules/.vite/deps/chunk-YFB5YCE7.js?v=28f1e096:12242:27)
    at Object.useMemo (http://localhost:5173/node_modules/.vite/deps/chunk-YFB5YCE7.js?v=28f1e096:12566:24)
    at useMemo (http://localhost:5173/node_modules/.vite/deps/chunk-RLJ2RCJQ.js?v=28f1e096:1094:29)
    at MainPage (http://localhost:5173/src/Pages/MainPage.tsx:158:5)
    at renderWithHooks (http://localhost:5173/node_modules/.vite/deps/chunk-YFB5YCE7.js?v=28f1e096:11596:26)
    at mountIndeterminateComponent (http://localhost:5173/node_modules/.vite/deps/chunk-YFB5YCE7.js?v=28f1e096:15024:27)
    at beginWork (http://localhost:5173/node_modules/.vite/deps/chunk-YFB5YCE7.js?v=28f1e096:15962:22) @ http://localhost:5173/src/Pages/MainPage.tsx:109
[  871374ms] [ERROR] Failed to load resource: net::ERR_NAME_NOT_RESOLVED @ https://api.cryptocast.live/volatility/btc:0
[  871374ms] [ERROR] error = TypeError: Failed to fetch
    at getBtcError (http://localhost:5173/src/Pages/MainPage.tsx:116:31)
    at fetchData (http://localhost:5173/src/Pages/MainPage.tsx:135:17)
    at http://localhost:5173/src/Pages/MainPage.tsx:159:9
    at mountMemo (http://localhost:5173/node_modules/.vite/deps/chunk-YFB5YCE7.js?v=28f1e096:12242:27)
    at Object.useMemo (http://localhost:5173/node_modules/.vite/deps/chunk-YFB5YCE7.js?v=28f1e096:12566:24)
    at useMemo (http://localhost:5173/node_modules/.vite/deps/chunk-RLJ2RCJQ.js?v=28f1e096:1094:29)
    at MainPage (http://localhost:5173/src/Pages/MainPage.tsx:158:5)
    at renderWithHooks (http://localhost:5173/node_modules/.vite/deps/chunk-YFB5YCE7.js?v=28f1e096:11596:26)
    at mountIndeterminateComponent (http://localhost:5173/node_modules/.vite/deps/chunk-YFB5YCE7.js?v=28f1e096:15024:27)
    at beginWork (http://localhost:5173/node_modules/.vite/deps/chunk-YFB5YCE7.js?v=28f1e096:15962:22) @ http://localhost:5173/src/Pages/MainPage.tsx:122
[  871395ms] [LOG] Container @ http://localhost:5173/src/Components/particleBakground.tsx:46
[  871396ms] [LOG] Container @ http://localhost:5173/src/Components/particleBakground.tsx:46
[  878441ms] [LOG] [vite] server connection lost. Polling for restart... @ http://localhost:5173/@vite/client:963
[  878442ms] [ERROR] WebSocket connection to 'ws://localhost:5173/' failed: Error in connection establishment: net::ERR_CONNECTION_REFUSED @ http://localhost:5173/@vite/client:1034
[  879591ms] [INFO] %cDownload the React DevTools for a better development experience: https://reactjs.org/link/react-devtools font-weight:bold @ http://localhost:5173/node_modules/.vite/deps/chunk-YFB5YCE7.js?v=28f1e096:21608
[  879668ms] [ERROR] Failed to load resource: net::ERR_NAME_NOT_RESOLVED @ https://api.cryptocast.live/btc:0
[  879668ms] [ERROR] error = TypeError: Failed to fetch
    at getBtcPrice (http://localhost:5173/src/Pages/MainPage.tsx:90:31)
    at fetchData (http://localhost:5173/src/Pages/MainPage.tsx:131:17)
    at http://localhost:5173/src/Pages/MainPage.tsx:159:9
    at mountMemo (http://localhost:5173/node_modules/.vite/deps/chunk-YFB5YCE7.js?v=28f1e096:12242:27)
    at Object.useMemo (http://localhost:5173/node_modules/.vite/deps/chunk-YFB5YCE7.js?v=28f1e096:12566:24)
    at useMemo (http://localhost:5173/node_modules/.vite/deps/chunk-RLJ2RCJQ.js?v=28f1e096:1094:29)
    at MainPage (http://localhost:5173/src/Pages/MainPage.tsx:158:5)
    at renderWithHooks (http://localhost:5173/node_modules/.vite/deps/chunk-YFB5YCE7.js?v=28f1e096:11596:26)
    at mountIndeterminateComponent (http://localhost:5173/node_modules/.vite/deps/chunk-YFB5YCE7.js?v=28f1e096:14974:21)
    at beginWork (http://localhost:5173/node_modules/.vite/deps/chunk-YFB5YCE7.js?v=28f1e096:15962:22) @ http://localhost:5173/src/Pages/MainPage.tsx:96
[  879668ms] [ERROR] Failed to load resource: net::ERR_NAME_NOT_RESOLVED @ https://api.cryptocast.live/verify/eth:0
[  879668ms] [ERROR] error = TypeError: Failed to fetch
    at getEthVerified (http://localhost:5173/src/Pages/MainPage.tsx:64:31)
    at fetchData (http://localhost:5173/src/Pages/MainPage.tsx:132:17)
    at http://localhost:5173/src/Pages/MainPage.tsx:159:9
    at mountMemo (http://localhost:5173/node_modules/.vite/deps/chunk-YFB5YCE7.js?v=28f1e096:12242:27)
    at Object.useMemo (http://localhost:5173/node_modules/.vite/deps/chunk-YFB5YCE7.js?v=28f1e096:12566:24)
    at useMemo (http://localhost:5173/node_modules/.vite/deps/chunk-RLJ2RCJQ.js?v=28f1e096:1094:29)
    at MainPage (http://localhost:5173/src/Pages/MainPage.tsx:158:5)
    at renderWithHooks (http://localhost:5173/node_modules/.vite/deps/chunk-YFB5YCE7.js?v=28f1e096:11596:26)
    at mountIndeterminateComponent (http://localhost:5173/node_modules/.vite/deps/chunk-YFB5YCE7.js?v=28f1e096:14974:21)
    at beginWork (http://localhost:5173/node_modules/.vite/deps/chunk-YFB5YCE7.js?v=28f1e096:15962:22) @ http://localhost:5173/src/Pages/MainPage.tsx:70
[  879668ms] [ERROR] Failed to load resource: net::ERR_NAME_NOT_RESOLVED @ https://api.cryptocast.live/eth:0
[  879668ms] [ERROR] error = TypeError: Failed to fetch
    at getEthPrice (http://localhost:5173/src/Pages/MainPage.tsx:77:31)
    at fetchData (http://localhost:5173/src/Pages/MainPage.tsx:130:17)
    at http://localhost:5173/src/Pages/MainPage.tsx:159:9
    at mountMemo (http://localhost:5173/node_modules/.vite/deps/chunk-YFB5YCE7.js?v=28f1e096:12242:27)
    at Object.useMemo (http://localhost:5173/node_modules/.vite/deps/chunk-YFB5YCE7.js?v=28f1e096:12566:24)
    at useMemo (http://localhost:5173/node_modules/.vite/deps/chunk-RLJ2RCJQ.js?v=28f1e096:1094:29)
    at MainPage (http://localhost:5173/src/Pages/MainPage.tsx:158:5)
    at renderWithHooks (http://localhost:5173/node_modules/.vite/deps/chunk-YFB5YCE7.js?v=28f1e096:11596:26)
    at mountIndeterminateComponent (http://localhost:5173/node_modules/.vite/deps/chunk-YFB5YCE7.js?v=28f1e096:14974:21)
    at beginWork (http://localhost:5173/node_modules/.vite/deps/chunk-YFB5YCE7.js?v=28f1e096:15962:22) @ http://localhost:5173/src/Pages/MainPage.tsx:83
[  879668ms] [ERROR] Failed to load resource: net::ERR_NAME_NOT_RESOLVED @ https://api.cryptocast.live/volatility/eth:0
[  879668ms] [ERROR] error = TypeError: Failed to fetch
    at getEthError (http://localhost:5173/src/Pages/MainPage.tsx:103:31)
    at fetchData (http://localhost:5173/src/Pages/MainPage.tsx:134:17)
    at http://localhost:5173/src/Pages/MainPage.tsx:159:9
    at mountMemo (http://localhost:5173/node_modules/.vite/deps/chunk-YFB5YCE7.js?v=28f1e096:12242:27)
    at Object.useMemo (http://localhost:5173/node_modules/.vite/deps/chunk-YFB5YCE7.js?v=28f1e096:12566:24)
    at useMemo (http://localhost:5173/node_modules/.vite/deps/chunk-RLJ2RCJQ.js?v=28f1e096:1094:29)
    at MainPage (http://localhost:5173/src/Pages/MainPage.tsx:158:5)
    at renderWithHooks (http://localhost:5173/node_modules/.vite/deps/chunk-YFB5YCE7.js?v=28f1e096:11596:26)
    at mountIndeterminateComponent (http://localhost:5173/node_modules/.vite/deps/chunk-YFB5YCE7.js?v=28f1e096:14974:21)
    at beginWork (http://localhost:5173/node_modules/.vite/deps/chunk-YFB5YCE7.js?v=28f1e096:15962:22) @ http://localhost:5173/src/Pages/MainPage.tsx:109
[  879669ms] [ERROR] Failed to load resource: net::ERR_NAME_NOT_RESOLVED @ https://api.cryptocast.live/verify/btc:0
[  879669ms] [ERROR] error = TypeError: Failed to fetch
    at getBtcVerified (http://localhost:5173/src/Pages/MainPage.tsx:51:31)
    at fetchData (http://localhost:5173/src/Pages/MainPage.tsx:133:17)
    at http://localhost:5173/src/Pages/MainPage.tsx:159:9
    at mountMemo (http://localhost:5173/node_modules/.vite/deps/chunk-YFB5YCE7.js?v=28f1e096:12242:27)
    at Object.useMemo (http://localhost:5173/node_modules/.vite/deps/chunk-YFB5YCE7.js?v=28f1e096:12566:24)
    at useMemo (http://localhost:5173/node_modules/.vite/deps/chunk-RLJ2RCJQ.js?v=28f1e096:1094:29)
    at MainPage (http://localhost:5173/src/Pages/MainPage.tsx:158:5)
    at renderWithHooks (http://localhost:5173/node_modules/.vite/deps/chunk-YFB5YCE7.js?v=28f1e096:11596:26)
    at mountIndeterminateComponent (http://localhost:5173/node_modules/.vite/deps/chunk-YFB5YCE7.js?v=28f1e096:14974:21)
    at beginWork (http://localhost:5173/node_modules/.vite/deps/chunk-YFB5YCE7.js?v=28f1e096:15962:22) @ http://localhost:5173/src/Pages/MainPage.tsx:57
[  879669ms] [ERROR] Failed to load resource: net::ERR_NAME_NOT_RESOLVED @ https://api.cryptocast.live/volatility/btc:0
[  879669ms] [ERROR] error = TypeError: Failed to fetch
    at getBtcError (http://localhost:5173/src/Pages/MainPage.tsx:116:31)
    at fetchData (http://localhost:5173/src/Pages/MainPage.tsx:135:17)
    at http://localhost:5173/src/Pages/MainPage.tsx:159:9
    at mountMemo (http://localhost:5173/node_modules/.vite/deps/chunk-YFB5YCE7.js?v=28f1e096:12242:27)
    at Object.useMemo (http://localhost:5173/node_modules/.vite/deps/chunk-YFB5YCE7.js?v=28f1e096:12566:24)
    at useMemo (http://localhost:5173/node_modules/.vite/deps/chunk-RLJ2RCJQ.js?v=28f1e096:1094:29)
    at MainPage (http://localhost:5173/src/Pages/MainPage.tsx:158:5)
    at renderWithHooks (http://localhost:5173/node_modules/.vite/deps/chunk-YFB5YCE7.js?v=28f1e096:11596:26)
    at mountIndeterminateComponent (http://localhost:5173/node_modules/.vite/deps/chunk-YFB5YCE7.js?v=28f1e096:14974:21)
    at beginWork (http://localhost:5173/node_modules/.vite/deps/chunk-YFB5YCE7.js?v=28f1e096:15962:22) @ http://localhost:5173/src/Pages/MainPage.tsx:122
[  879669ms] [ERROR] Failed to load resource: net::ERR_NAME_NOT_RESOLVED @ https://api.cryptocast.live/eth:0
[  879669ms] [ERROR] error = TypeError: Failed to fetch
    at getEthPrice (http://localhost:5173/src/Pages/MainPage.tsx:77:31)
    at fetchData (http://localhost:5173/src/Pages/MainPage.tsx:130:17)
    at http://localhost:5173/src/Pages/MainPage.tsx:159:9
    at mountMemo (http://localhost:5173/node_modules/.vite/deps/chunk-YFB5YCE7.js?v=28f1e096:12242:27)
    at Object.useMemo (http://localhost:5173/node_modules/.vite/deps/chunk-YFB5YCE7.js?v=28f1e096:12566:24)
    at useMemo (http://localhost:5173/node_modules/.vite/deps/chunk-RLJ2RCJQ.js?v=28f1e096:1094:29)
    at MainPage (http://localhost:5173/src/Pages/MainPage.tsx:158:5)
    at renderWithHooks (http://localhost:5173/node_modules/.vite/deps/chunk-YFB5YCE7.js?v=28f1e096:11596:26)
    at mountIndeterminateComponent (http://localhost:5173/node_modules/.vite/deps/chunk-YFB5YCE7.js?v=28f1e096:15024:27)
    at beginWork (http://localhost:5173/node_modules/.vite/deps/chunk-YFB5YCE7.js?v=28f1e096:15962:22) @ http://localhost:5173/src/Pages/MainPage.tsx:83
[  879669ms] [ERROR] Failed to load resource: net::ERR_NAME_NOT_RESOLVED @ https://api.cryptocast.live/verify/eth:0
[  879669ms] [ERROR] error = TypeError: Failed to fetch
    at getEthVerified (http://localhost:5173/src/Pages/MainPage.tsx:64:31)
    at fetchData (http://localhost:5173/src/Pages/MainPage.tsx:132:17)
    at http://localhost:5173/src/Pages/MainPage.tsx:159:9
    at mountMemo (http://localhost:5173/node_modules/.vite/deps/chunk-YFB5YCE7.js?v=28f1e096:12242:27)
    at Object.useMemo (http://localhost:5173/node_modules/.vite/deps/chunk-YFB5YCE7.js?v=28f1e096:12566:24)
    at useMemo (http://localhost:5173/node_modules/.vite/deps/chunk-RLJ2RCJQ.js?v=28f1e096:1094:29)
    at MainPage (http://localhost:5173/src/Pages/MainPage.tsx:158:5)
    at renderWithHooks (http://localhost:5173/node_modules/.vite/deps/chunk-YFB5YCE7.js?v=28f1e096:11596:26)
    at mountIndeterminateComponent (http://localhost:5173/node_modules/.vite/deps/chunk-YFB5YCE7.js?v=28f1e096:15024:27)
    at beginWork (http://localhost:5173/node_modules/.vite/deps/chunk-YFB5YCE7.js?v=28f1e096:15962:22) @ http://localhost:5173/src/Pages/MainPage.tsx:70
[  879669ms] [ERROR] Failed to load resource: net::ERR_NAME_NOT_RESOLVED @ https://api.cryptocast.live/btc:0
[  879669ms] [ERROR] error = TypeError: Failed to fetch
    at getBtcPrice (http://localhost:5173/src/Pages/MainPage.tsx:90:31)
    at fetchData (http://localhost:5173/src/Pages/MainPage.tsx:131:17)
    at http://localhost:5173/src/Pages/MainPage.tsx:159:9
    at mountMemo (http://localhost:5173/node_modules/.vite/deps/chunk-YFB5YCE7.js?v=28f1e096:12242:27)
    at Object.useMemo (http://localhost:5173/node_modules/.vite/deps/chunk-YFB5YCE7.js?v=28f1e096:12566:24)
    at useMemo (http://localhost:5173/node_modules/.vite/deps/chunk-RLJ2RCJQ.js?v=28f1e096:1094:29)
    at MainPage (http://localhost:5173/src/Pages/MainPage.tsx:158:5)
    at renderWithHooks (http://localhost:5173/node_modules/.vite/deps/chunk-YFB5YCE7.js?v=28f1e096:11596:26)
    at mountIndeterminateComponent (http://localhost:5173/node_modules/.vite/deps/chunk-YFB5YCE7.js?v=28f1e096:15024:27)
    at beginWork (http://localhost:5173/node_modules/.vite/deps/chunk-YFB5YCE7.js?v=28f1e096:15962:22) @ http://localhost:5173/src/Pages/MainPage.tsx:96
[  879669ms] [ERROR] Failed to load resource: net::ERR_NAME_NOT_RESOLVED @ https://api.cryptocast.live/volatility/eth:0
[  879669ms] [ERROR] error = TypeError: Failed to fetch
    at getEthError (http://localhost:5173/src/Pages/MainPage.tsx:103:31)
    at fetchData (http://localhost:5173/src/Pages/MainPage.tsx:134:17)
    at http://localhost:5173/src/Pages/MainPage.tsx:159:9
    at mountMemo (http://localhost:5173/node_modules/.vite/deps/chunk-YFB5YCE7.js?v=28f1e096:12242:27)
    at Object.useMemo (http://localhost:5173/node_modules/.vite/deps/chunk-YFB5YCE7.js?v=28f1e096:12566:24)
    at useMemo (http://localhost:5173/node_modules/.vite/deps/chunk-RLJ2RCJQ.js?v=28f1e096:1094:29)
    at MainPage (http://localhost:5173/src/Pages/MainPage.tsx:158:5)
    at renderWithHooks (http://localhost:5173/node_modules/.vite/deps/chunk-YFB5YCE7.js?v=28f1e096:11596:26)
    at mountIndeterminateComponent (http://localhost:5173/node_modules/.vite/deps/chunk-YFB5YCE7.js?v=28f1e096:15024:27)
    at beginWork (http://localhost:5173/node_modules/.vite/deps/chunk-YFB5YCE7.js?v=28f1e096:15962:22) @ http://localhost:5173/src/Pages/MainPage.tsx:109
[  879670ms] [ERROR] Failed to load resource: net::ERR_NAME_NOT_RESOLVED @ https://api.cryptocast.live/volatility/btc:0
[  879670ms] [ERROR] error = TypeError: Failed to fetch
    at getBtcError (http://localhost:5173/src/Pages/MainPage.tsx:116:31)
    at fetchData (http://localhost:5173/src/Pages/MainPage.tsx:135:17)
    at http://localhost:5173/src/Pages/MainPage.tsx:159:9
    at mountMemo (http://localhost:5173/node_modules/.vite/deps/chunk-YFB5YCE7.js?v=28f1e096:12242:27)
    at Object.useMemo (http://localhost:5173/node_modules/.vite/deps/chunk-YFB5YCE7.js?v=28f1e096:12566:24)
    at useMemo (http://localhost:5173/node_modules/.vite/deps/chunk-RLJ2RCJQ.js?v=28f1e096:1094:29)
    at MainPage (http://localhost:5173/src/Pages/MainPage.tsx:158:5)
    at renderWithHooks (http://localhost:5173/node_modules/.vite/deps/chunk-YFB5YCE7.js?v=28f1e096:11596:26)
    at mountIndeterminateComponent (http://localhost:5173/node_modules/.vite/deps/chunk-YFB5YCE7.js?v=28f1e096:15024:27)
    at beginWork (http://localhost:5173/node_modules/.vite/deps/chunk-YFB5YCE7.js?v=28f1e096:15962:22) @ http://localhost:5173/src/Pages/MainPage.tsx:122
[  879670ms] [ERROR] Failed to load resource: net::ERR_NAME_NOT_RESOLVED @ https://api.cryptocast.live/verify/btc:0
[  879670ms] [ERROR] error = TypeError: Failed to fetch
    at getBtcVerified (http://localhost:5173/src/Pages/MainPage.tsx:51:31)
    at fetchData (http://localhost:5173/src/Pages/MainPage.tsx:133:17)
    at http://localhost:5173/src/Pages/MainPage.tsx:159:9
    at mountMemo (http://localhost:5173/node_modules/.vite/deps/chunk-YFB5YCE7.js?v=28f1e096:12242:27)
    at Object.useMemo (http://localhost:5173/node_modules/.vite/deps/chunk-YFB5YCE7.js?v=28f1e096:12566:24)
    at useMemo (http://localhost:5173/node_modules/.vite/deps/chunk-RLJ2RCJQ.js?v=28f1e096:1094:29)
    at MainPage (http://localhost:5173/src/Pages/MainPage.tsx:158:5)
    at renderWithHooks (http://localhost:5173/node_modules/.vite/deps/chunk-YFB5YCE7.js?v=28f1e096:11596:26)
    at mountIndeterminateComponent (http://localhost:5173/node_modules/.vite/deps/chunk-YFB5YCE7.js?v=28f1e096:15024:27)
    at beginWork (http://localhost:5173/node_modules/.vite/deps/chunk-YFB5YCE7.js?v=28f1e096:15962:22) @ http://localhost:5173/src/Pages/MainPage.tsx:57
[  879686ms] [LOG] Container @ http://localhost:5173/src/Components/particleBakground.tsx:46
[  879687ms] [LOG] Container @ http://localhost:5173/src/Components/particleBakground.tsx:46
[ 1479634ms] [ERROR] Failed to load resource: net::ERR_NAME_NOT_RESOLVED @ https://api.cryptocast.live/eth:0
[ 1479634ms] [ERROR] error = TypeError: Failed to fetch
    at getEthPrice (http://localhost:5173/src/Pages/MainPage.tsx:77:31)
    at fetchData (http://localhost:5173/src/Pages/MainPage.tsx:130:17)
    at http://localhost:5173/src/Pages/MainPage.tsx:161:13 @ http://localhost:5173/src/Pages/MainPage.tsx:83
[ 1479635ms] [ERROR] Failed to load resource: net::ERR_NAME_NOT_RESOLVED @ https://api.cryptocast.live/btc:0
[ 1479635ms] [ERROR] error = TypeError: Failed to fetch
    at getBtcPrice (http://localhost:5173/src/Pages/MainPage.tsx:90:31)
    at fetchData (http://localhost:5173/src/Pages/MainPage.tsx:131:17)
    at http://localhost:5173/src/Pages/MainPage.tsx:161:13 @ http://localhost:5173/src/Pages/MainPage.tsx:96
[ 1479635ms] [ERROR] Failed to load resource: net::ERR_NAME_NOT_RESOLVED @ https://api.cryptocast.live/verify/eth:0
[ 1479635ms] [ERROR] error = TypeError: Failed to fetch
    at getEthVerified (http://localhost:5173/src/Pages/MainPage.tsx:64:31)
    at fetchData (http://localhost:5173/src/Pages/MainPage.tsx:132:17)
    at http://localhost:5173/src/Pages/MainPage.tsx:161:13 @ http://localhost:5173/src/Pages/MainPage.tsx:70
[ 1479635ms] [ERROR] Failed to load resource: net::ERR_NAME_NOT_RESOLVED @ https://api.cryptocast.live/verify/btc:0
[ 1479635ms] [ERROR] error = TypeError: Failed to fetch
    at getBtcVerified (http://localhost:5173/src/Pages/MainPage.tsx:51:31)
    at fetchData (http://localhost:5173/src/Pages/MainPage.tsx:133:17)
    at http://localhost:5173/src/Pages/MainPage.tsx:161:13 @ http://localhost:5173/src/Pages/MainPage.tsx:57
[ 1479635ms] [ERROR] Failed to load resource: net::ERR_NAME_NOT_RESOLVED @ https://api.cryptocast.live/volatility/eth:0
[ 1479635ms] [ERROR] error = TypeError: Failed to fetch
    at getEthError (http://localhost:5173/src/Pages/MainPage.tsx:103:31)
    at fetchData (http://localhost:5173/src/Pages/MainPage.tsx:134:17)
    at http://localhost:5173/src/Pages/MainPage.tsx:161:13 @ http://localhost:5173/src/Pages/MainPage.tsx:109
[ 1479636ms] [ERROR] Failed to load resource: net::ERR_NAME_NOT_RESOLVED @ https://api.cryptocast.live/volatility/btc:0
[ 1479636ms] [ERROR] error = TypeError: Failed to fetch
    at getBtcError (http://localhost:5173/src/Pages/MainPage.tsx:116:31)
    at fetchData (http://localhost:5173/src/Pages/MainPage.tsx:135:17)
    at http://localhost:5173/src/Pages/MainPage.tsx:161:13 @ http://localhost:5173/src/Pages/MainPage.tsx:122
[ 1479638ms] [ERROR] Failed to load resource: net::ERR_NAME_NOT_RESOLVED @ https://api.cryptocast.live/verify/eth:0
[ 1479638ms] [ERROR] error = TypeError: Failed to fetch
    at getEthVerified (http://localhost:5173/src/Pages/MainPage.tsx:64:31)
    at fetchData (http://localhost:5173/src/Pages/MainPage.tsx:132:17)
    at http://localhost:5173/src/Pages/MainPage.tsx:161:13 @ http://localhost:5173/src/Pages/MainPage.tsx:70
[ 1479638ms] [ERROR] Failed to load resource: net::ERR_NAME_NOT_RESOLVED @ https://api.cryptocast.live/btc:0
[ 1479638ms] [ERROR] error = TypeError: Failed to fetch
    at getBtcPrice (http://localhost:5173/src/Pages/MainPage.tsx:90:31)
    at fetchData (http://localhost:5173/src/Pages/MainPage.tsx:131:17)
    at http://localhost:5173/src/Pages/MainPage.tsx:161:13 @ http://localhost:5173/src/Pages/MainPage.tsx:96
[ 1479638ms] [ERROR] Failed to load resource: net::ERR_NAME_NOT_RESOLVED @ https://api.cryptocast.live/eth:0
[ 1479638ms] [ERROR] error = TypeError: Failed to fetch
    at getEthPrice (http://localhost:5173/src/Pages/MainPage.tsx:77:31)
    at fetchData (http://localhost:5173/src/Pages/MainPage.tsx:130:17)
    at http://localhost:5173/src/Pages/MainPage.tsx:161:13 @ http://localhost:5173/src/Pages/MainPage.tsx:83
[ 1479638ms] [ERROR] Failed to load resource: net::ERR_NAME_NOT_RESOLVED @ https://api.cryptocast.live/volatility/btc:0
[ 1479638ms] [ERROR] error = TypeError: Failed to fetch
    at getBtcError (http://localhost:5173/src/Pages/MainPage.tsx:116:31)
    at fetchData (http://localhost:5173/src/Pages/MainPage.tsx:135:17)
    at http://localhost:5173/src/Pages/MainPage.tsx:161:13 @ http://localhost:5173/src/Pages/MainPage.tsx:122
[ 1479638ms] [ERROR] Failed to load resource: net::ERR_NAME_NOT_RESOLVED @ https://api.cryptocast.live/volatility/eth:0
[ 1479638ms] [ERROR] error = TypeError: Failed to fetch
    at getEthError (http://localhost:5173/src/Pages/MainPage.tsx:103:31)
    at fetchData (http://localhost:5173/src/Pages/MainPage.tsx:134:17)
    at http://localhost:5173/src/Pages/MainPage.tsx:161:13 @ http://localhost:5173/src/Pages/MainPage.tsx:109
[ 1479638ms] [ERROR] Failed to load resource: net::ERR_NAME_NOT_RESOLVED @ https://api.cryptocast.live/verify/btc:0
[ 1479638ms] [ERROR] error = TypeError: Failed to fetch
    at getBtcVerified (http://localhost:5173/src/Pages/MainPage.tsx:51:31)
    at fetchData (http://localhost:5173/src/Pages/MainPage.tsx:133:17)
    at http://localhost:5173/src/Pages/MainPage.tsx:161:13 @ http://localhost:5173/src/Pages/MainPage.tsx:57
[ 2079720ms] [ERROR] Failed to load resource: net::ERR_NAME_NOT_RESOLVED @ https://api.cryptocast.live/eth:0
[ 2079721ms] [ERROR] error = TypeError: Failed to fetch
    at getEthPrice (http://localhost:5173/src/Pages/MainPage.tsx:77:31)
    at fetchData (http://localhost:5173/src/Pages/MainPage.tsx:130:17)
    at http://localhost:5173/src/Pages/MainPage.tsx:161:13 @ http://localhost:5173/src/Pages/MainPage.tsx:83
[ 2079721ms] [ERROR] Failed to load resource: net::ERR_NAME_NOT_RESOLVED @ https://api.cryptocast.live/btc:0
[ 2079721ms] [ERROR] error = TypeError: Failed to fetch
    at getBtcPrice (http://localhost:5173/src/Pages/MainPage.tsx:90:31)
    at fetchData (http://localhost:5173/src/Pages/MainPage.tsx:131:17)
    at http://localhost:5173/src/Pages/MainPage.tsx:161:13 @ http://localhost:5173/src/Pages/MainPage.tsx:96
[ 2079721ms] [ERROR] Failed to load resource: net::ERR_NAME_NOT_RESOLVED @ https://api.cryptocast.live/verify/eth:0
[ 2079722ms] [ERROR] error = TypeError: Failed to fetch
    at getEthVerified (http://localhost:5173/src/Pages/MainPage.tsx:64:31)
    at fetchData (http://localhost:5173/src/Pages/MainPage.tsx:132:17)
    at http://localhost:5173/src/Pages/MainPage.tsx:161:13 @ http://localhost:5173/src/Pages/MainPage.tsx:70
[ 2079722ms] [ERROR] Failed to load resource: net::ERR_NAME_NOT_RESOLVED @ https://api.cryptocast.live/verify/btc:0
[ 2079722ms] [ERROR] error = TypeError: Failed to fetch
    at getBtcVerified (http://localhost:5173/src/Pages/MainPage.tsx:51:31)
    at fetchData (http://localhost:5173/src/Pages/MainPage.tsx:133:17)
    at http://localhost:5173/src/Pages/MainPage.tsx:161:13 @ http://localhost:5173/src/Pages/MainPage.tsx:57
[ 2079722ms] [ERROR] Failed to load resource: net::ERR_NAME_NOT_RESOLVED @ https://api.cryptocast.live/volatility/eth:0
[ 2079722ms] [ERROR] error = TypeError: Failed to fetch
    at getEthError (http://localhost:5173/src/Pages/MainPage.tsx:103:31)
    at fetchData (http://localhost:5173/src/Pages/MainPage.tsx:134:17)
    at http://localhost:5173/src/Pages/MainPage.tsx:161:13 @ http://localhost:5173/src/Pages/MainPage.tsx:109
[ 2079722ms] [ERROR] Failed to load resource: net::ERR_NAME_NOT_RESOLVED @ https://api.cryptocast.live/volatility/btc:0
[ 2079722ms] [ERROR] error = TypeError: Failed to fetch
    at getBtcError (http://localhost:5173/src/Pages/MainPage.tsx:116:31)
    at fetchData (http://localhost:5173/src/Pages/MainPage.tsx:135:17)
    at http://localhost:5173/src/Pages/MainPage.tsx:161:13 @ http://localhost:5173/src/Pages/MainPage.tsx:122
[ 2079724ms] [ERROR] Failed to load resource: net::ERR_NAME_NOT_RESOLVED @ https://api.cryptocast.live/verify/btc:0
[ 2079724ms] [ERROR] error = TypeError: Failed to fetch
    at getBtcVerified (http://localhost:5173/src/Pages/MainPage.tsx:51:31)
    at fetchData (http://localhost:5173/src/Pages/MainPage.tsx:133:17)
    at http://localhost:5173/src/Pages/MainPage.tsx:161:13 @ http://localhost:5173/src/Pages/MainPage.tsx:57
[ 2079724ms] [ERROR] Failed to load resource: net::ERR_NAME_NOT_RESOLVED @ https://api.cryptocast.live/verify/eth:0
[ 2079724ms] [ERROR] error = TypeError: Failed to fetch
    at getEthVerified (http://localhost:5173/src/Pages/MainPage.tsx:64:31)
    at fetchData (http://localhost:5173/src/Pages/MainPage.tsx:132:17)
    at http://localhost:5173/src/Pages/MainPage.tsx:161:13 @ http://localhost:5173/src/Pages/MainPage.tsx:70
[ 2079724ms] [ERROR] Failed to load resource: net::ERR_NAME_NOT_RESOLVED @ https://api.cryptocast.live/btc:0
[ 2079724ms] [ERROR] error = TypeError: Failed to fetch
    at getBtcPrice (http://localhost:5173/src/Pages/MainPage.tsx:90:31)
    at fetchData (http://localhost:5173/src/Pages/MainPage.tsx:131:17)
    at http://localhost:5173/src/Pages/MainPage.tsx:161:13 @ http://localhost:5173/src/Pages/MainPage.tsx:96
[ 2079724ms] [ERROR] Failed to load resource: net::ERR_NAME_NOT_RESOLVED @ https://api.cryptocast.live/eth:0
[ 2079724ms] [ERROR] error = TypeError: Failed to fetch
    at getEthPrice (http://localhost:5173/src/Pages/MainPage.tsx:77:31)
    at fetchData (http://localhost:5173/src/Pages/MainPage.tsx:130:17)
    at http://localhost:5173/src/Pages/MainPage.tsx:161:13 @ http://localhost:5173/src/Pages/MainPage.tsx:83
[ 2079724ms] [ERROR] Failed to load resource: net::ERR_NAME_NOT_RESOLVED @ https://api.cryptocast.live/volatility/btc:0
[ 2079724ms] [ERROR] error = TypeError: Failed to fetch
    at getBtcError (http://localhost:5173/src/Pages/MainPage.tsx:116:31)
    at fetchData (http://localhost:5173/src/Pages/MainPage.tsx:135:17)
    at http://localhost:5173/src/Pages/MainPage.tsx:161:13 @ http://localhost:5173/src/Pages/MainPage.tsx:122
[ 2079724ms] [ERROR] Failed to load resource: net::ERR_NAME_NOT_RESOLVED @ https://api.cryptocast.live/volatility/eth:0
[ 2079724ms] [ERROR] error = TypeError: Failed to fetch
    at getEthError (http://localhost:5173/src/Pages/MainPage.tsx:103:31)
    at fetchData (http://localhost:5173/src/Pages/MainPage.tsx:134:17)
    at http://localhost:5173/src/Pages/MainPage.tsx:161:13 @ http://localhost:5173/src/Pages/MainPage.tsx:109
[ 2679739ms] [ERROR] Failed to load resource: net::ERR_NAME_NOT_RESOLVED @ https://api.cryptocast.live/eth:0
[ 2679739ms] [ERROR] error = TypeError: Failed to fetch
    at getEthPrice (http://localhost:5173/src/Pages/MainPage.tsx:77:31)
    at fetchData (http://localhost:5173/src/Pages/MainPage.tsx:130:17)
    at http://localhost:5173/src/Pages/MainPage.tsx:161:13 @ http://localhost:5173/src/Pages/MainPage.tsx:83
[ 2679740ms] [ERROR] Failed to load resource: net::ERR_NAME_NOT_RESOLVED @ https://api.cryptocast.live/btc:0
[ 2679740ms] [ERROR] error = TypeError: Failed to fetch
    at getBtcPrice (http://localhost:5173/src/Pages/MainPage.tsx:90:31)
    at fetchData (http://localhost:5173/src/Pages/MainPage.tsx:131:17)
    at http://localhost:5173/src/Pages/MainPage.tsx:161:13 @ http://localhost:5173/src/Pages/MainPage.tsx:96
[ 2679740ms] [ERROR] Failed to load resource: net::ERR_NAME_NOT_RESOLVED @ https://api.cryptocast.live/verify/eth:0
[ 2679740ms] [ERROR] error = TypeError: Failed to fetch
    at getEthVerified (http://localhost:5173/src/Pages/MainPage.tsx:64:31)
    at fetchData (http://localhost:5173/src/Pages/MainPage.tsx:132:17)
    at http://localhost:5173/src/Pages/MainPage.tsx:161:13 @ http://localhost:5173/src/Pages/MainPage.tsx:70
[ 2679740ms] [ERROR] Failed to load resource: net::ERR_NAME_NOT_RESOLVED @ https://api.cryptocast.live/verify/btc:0
[ 2679740ms] [ERROR] error = TypeError: Failed to fetch
    at getBtcVerified (http://localhost:5173/src/Pages/MainPage.tsx:51:31)
    at fetchData (http://localhost:5173/src/Pages/MainPage.tsx:133:17)
    at http://localhost:5173/src/Pages/MainPage.tsx:161:13 @ http://localhost:5173/src/Pages/MainPage.tsx:57
[ 2679740ms] [ERROR] Failed to load resource: net::ERR_NAME_NOT_RESOLVED @ https://api.cryptocast.live/volatility/eth:0
[ 2679740ms] [ERROR] error = TypeError: Failed to fetch
    at getEthError (http://localhost:5173/src/Pages/MainPage.tsx:103:31)
    at fetchData (http://localhost:5173/src/Pages/MainPage.tsx:134:17)
    at http://localhost:5173/src/Pages/MainPage.tsx:161:13 @ http://localhost:5173/src/Pages/MainPage.tsx:109
[ 2679740ms] [ERROR] Failed to load resource: net::ERR_NAME_NOT_RESOLVED @ https://api.cryptocast.live/volatility/btc:0
[ 2679740ms] [ERROR] error = TypeError: Failed to fetch
    at getBtcError (http://localhost:5173/src/Pages/MainPage.tsx:116:31)
    at fetchData (http://localhost:5173/src/Pages/MainPage.tsx:135:17)
    at http://localhost:5173/src/Pages/MainPage.tsx:161:13 @ http://localhost:5173/src/Pages/MainPage.tsx:122
[ 2679743ms] [ERROR] Failed to load resource: net::ERR_NAME_NOT_RESOLVED @ https://api.cryptocast.live/verify/btc:0
[ 2679743ms] [ERROR] error = TypeError: Failed to fetch
    at getBtcVerified (http://localhost:5173/src/Pages/MainPage.tsx:51:31)
    at fetchData (http://localhost:5173/src/Pages/MainPage.tsx:133:17)
    at http://localhost:5173/src/Pages/MainPage.tsx:161:13 @ http://localhost:5173/src/Pages/MainPage.tsx:57
[ 2679743ms] [ERROR] Failed to load resource: net::ERR_NAME_NOT_RESOLVED @ https://api.cryptocast.live/verify/eth:0
[ 2679743ms] [ERROR] error = TypeError: Failed to fetch
    at getEthVerified (http://localhost:5173/src/Pages/MainPage.tsx:64:31)
    at fetchData (http://localhost:5173/src/Pages/MainPage.tsx:132:17)
    at http://localhost:5173/src/Pages/MainPage.tsx:161:13 @ http://localhost:5173/src/Pages/MainPage.tsx:70
[ 2679743ms] [ERROR] Failed to load resource: net::ERR_NAME_NOT_RESOLVED @ https://api.cryptocast.live/btc:0
[ 2679743ms] [ERROR] error = TypeError: Failed to fetch
    at getBtcPrice (http://localhost:5173/src/Pages/MainPage.tsx:90:31)
    at fetchData (http://localhost:5173/src/Pages/MainPage.tsx:131:17)
    at http://localhost:5173/src/Pages/MainPage.tsx:161:13 @ http://localhost:5173/src/Pages/MainPage.tsx:96
[ 2679743ms] [ERROR] Failed to load resource: net::ERR_NAME_NOT_RESOLVED @ https://api.cryptocast.live/eth:0
[ 2679743ms] [ERROR] error = TypeError: Failed to fetch
    at getEthPrice (http://localhost:5173/src/Pages/MainPage.tsx:77:31)
    at fetchData (http://localhost:5173/src/Pages/MainPage.tsx:130:17)
    at http://localhost:5173/src/Pages/MainPage.tsx:161:13 @ http://localhost:5173/src/Pages/MainPage.tsx:83
[ 2679743ms] [ERROR] Failed to load resource: net::ERR_NAME_NOT_RESOLVED @ https://api.cryptocast.live/volatility/btc:0
[ 2679743ms] [ERROR] error = TypeError: Failed to fetch
    at getBtcError (http://localhost:5173/src/Pages/MainPage.tsx:116:31)
    at fetchData (http://localhost:5173/src/Pages/MainPage.tsx:135:17)
    at http://localhost:5173/src/Pages/MainPage.tsx:161:13 @ http://localhost:5173/src/Pages/MainPage.tsx:122
[ 2679743ms] [ERROR] Failed to load resource: net::ERR_NAME_NOT_RESOLVED @ https://api.cryptocast.live/volatility/eth:0
[ 2679743ms] [ERROR] error = TypeError: Failed to fetch
    at getEthError (http://localhost:5173/src/Pages/MainPage.tsx:103:31)
    at fetchData (http://localhost:5173/src/Pages/MainPage.tsx:134:17)
    at http://localhost:5173/src/Pages/MainPage.tsx:161:13 @ http://localhost:5173/src/Pages/MainPage.tsx:109
[ 3279695ms] [ERROR] Failed to load resource: net::ERR_NAME_NOT_RESOLVED @ https://api.cryptocast.live/eth:0
[ 3279695ms] [ERROR] error = TypeError: Failed to fetch
    at getEthPrice (http://localhost:5173/src/Pages/MainPage.tsx:77:31)
    at fetchData (http://localhost:5173/src/Pages/MainPage.tsx:130:17)
    at http://localhost:5173/src/Pages/MainPage.tsx:161:13 @ http://localhost:5173/src/Pages/MainPage.tsx:83
[ 3279701ms] [ERROR] Failed to load resource: net::ERR_NAME_NOT_RESOLVED @ https://api.cryptocast.live/btc:0
[ 3279701ms] [ERROR] error = TypeError: Failed to fetch
    at getBtcPrice (http://localhost:5173/src/Pages/MainPage.tsx:90:31)
    at fetchData (http://localhost:5173/src/Pages/MainPage.tsx:131:17)
    at http://localhost:5173/src/Pages/MainPage.tsx:161:13 @ http://localhost:5173/src/Pages/MainPage.tsx:96
[ 3279702ms] [ERROR] Failed to load resource: net::ERR_NAME_NOT_RESOLVED @ https://api.cryptocast.live/verify/eth:0
[ 3279702ms] [ERROR] error = TypeError: Failed to fetch
    at getEthVerified (http://localhost:5173/src/Pages/MainPage.tsx:64:31)
    at fetchData (http://localhost:5173/src/Pages/MainPage.tsx:132:17)
    at http://localhost:5173/src/Pages/MainPage.tsx:161:13 @ http://localhost:5173/src/Pages/MainPage.tsx:70
[ 3279702ms] [ERROR] Failed to load resource: net::ERR_NAME_NOT_RESOLVED @ https://api.cryptocast.live/verify/btc:0
[ 3279702ms] [ERROR] error = TypeError: Failed to fetch
    at getBtcVerified (http://localhost:5173/src/Pages/MainPage.tsx:51:31)
    at fetchData (http://localhost:5173/src/Pages/MainPage.tsx:133:17)
    at http://localhost:5173/src/Pages/MainPage.tsx:161:13 @ http://localhost:5173/src/Pages/MainPage.tsx:57
[ 3279702ms] [ERROR] Failed to load resource: net::ERR_NAME_NOT_RESOLVED @ https://api.cryptocast.live/volatility/eth:0
[ 3279702ms] [ERROR] error = TypeError: Failed to fetch
    at getEthError (http://localhost:5173/src/Pages/MainPage.tsx:103:31)
    at fetchData (http://localhost:5173/src/Pages/MainPage.tsx:134:17)
    at http://localhost:5173/src/Pages/MainPage.tsx:161:13 @ http://localhost:5173/src/Pages/MainPage.tsx:109
[ 3279702ms] [ERROR] Failed to load resource: net::ERR_NAME_NOT_RESOLVED @ https://api.cryptocast.live/volatility/btc:0
[ 3279702ms] [ERROR] error = TypeError: Failed to fetch
    at getBtcError (http://localhost:5173/src/Pages/MainPage.tsx:116:31)
    at fetchData (http://localhost:5173/src/Pages/MainPage.tsx:135:17)
    at http://localhost:5173/src/Pages/MainPage.tsx:161:13 @ http://localhost:5173/src/Pages/MainPage.tsx:122
[ 3279702ms] [ERROR] Failed to load resource: net::ERR_NAME_NOT_RESOLVED @ https://api.cryptocast.live/verify/btc:0
[ 3279702ms] [ERROR] error = TypeError: Failed to fetch
    at getBtcVerified (http://localhost:5173/src/Pages/MainPage.tsx:51:31)
    at fetchData (http://localhost:5173/src/Pages/MainPage.tsx:133:17)
    at http://localhost:5173/src/Pages/MainPage.tsx:161:13 @ http://localhost:5173/src/Pages/MainPage.tsx:57
[ 3279702ms] [ERROR] Failed to load resource: net::ERR_NAME_NOT_RESOLVED @ https://api.cryptocast.live/verify/eth:0
[ 3279702ms] [ERROR] error = TypeError: Failed to fetch
    at getEthVerified (http://localhost:5173/src/Pages/MainPage.tsx:64:31)
    at fetchData (http://localhost:5173/src/Pages/MainPage.tsx:132:17)
    at http://localhost:5173/src/Pages/MainPage.tsx:161:13 @ http://localhost:5173/src/Pages/MainPage.tsx:70
[ 3279702ms] [ERROR] Failed to load resource: net::ERR_NAME_NOT_RESOLVED @ https://api.cryptocast.live/btc:0
[ 3279702ms] [ERROR] error = TypeError: Failed to fetch
    at getBtcPrice (http://localhost:5173/src/Pages/MainPage.tsx:90:31)
    at fetchData (http://localhost:5173/src/Pages/MainPage.tsx:131:17)
    at http://localhost:5173/src/Pages/MainPage.tsx:161:13 @ http://localhost:5173/src/Pages/MainPage.tsx:96
[ 3279702ms] [ERROR] Failed to load resource: net::ERR_NAME_NOT_RESOLVED @ https://api.cryptocast.live/eth:0
[ 3279703ms] [ERROR] error = TypeError: Failed to fetch
    at getEthPrice (http://localhost:5173/src/Pages/MainPage.tsx:77:31)
    at fetchData (http://localhost:5173/src/Pages/MainPage.tsx:130:17)
    at http://localhost:5173/src/Pages/MainPage.tsx:161:13 @ http://localhost:5173/src/Pages/MainPage.tsx:83
[ 3279703ms] [ERROR] Failed to load resource: net::ERR_NAME_NOT_RESOLVED @ https://api.cryptocast.live/volatility/btc:0
[ 3279703ms] [ERROR] error = TypeError: Failed to fetch
    at getBtcError (http://localhost:5173/src/Pages/MainPage.tsx:116:31)
    at fetchData (http://localhost:5173/src/Pages/MainPage.tsx:135:17)
    at http://localhost:5173/src/Pages/MainPage.tsx:161:13 @ http://localhost:5173/src/Pages/MainPage.tsx:122
[ 3279703ms] [ERROR] Failed to load resource: net::ERR_NAME_NOT_RESOLVED @ https://api.cryptocast.live/volatility/eth:0
[ 3279703ms] [ERROR] error = TypeError: Failed to fetch
    at getEthError (http://localhost:5173/src/Pages/MainPage.tsx:103:31)
    at fetchData (http://localhost:5173/src/Pages/MainPage.tsx:134:17)
    at http://localhost:5173/src/Pages/MainPage.tsx:161:13 @ http://localhost:5173/src/Pages/MainPage.tsx:109
[ 3879643ms] [ERROR] Failed to load resource: net::ERR_NAME_NOT_RESOLVED @ https://api.cryptocast.live/eth:0
[ 3879644ms] [ERROR] error = TypeError: Failed to fetch
    at getEthPrice (http://localhost:5173/src/Pages/MainPage.tsx:77:31)
    at fetchData (http://localhost:5173/src/Pages/MainPage.tsx:130:17)
    at http://localhost:5173/src/Pages/MainPage.tsx:161:13 @ http://localhost:5173/src/Pages/MainPage.tsx:83
[ 3879648ms] [ERROR] Failed to load resource: net::ERR_NAME_NOT_RESOLVED @ https://api.cryptocast.live/btc:0
[ 3879648ms] [ERROR] error = TypeError: Failed to fetch
    at getBtcPrice (http://localhost:5173/src/Pages/MainPage.tsx:90:31)
    at fetchData (http://localhost:5173/src/Pages/MainPage.tsx:131:17)
    at http://localhost:5173/src/Pages/MainPage.tsx:161:13 @ http://localhost:5173/src/Pages/MainPage.tsx:96
[ 3879648ms] [ERROR] Failed to load resource: net::ERR_NAME_NOT_RESOLVED @ https://api.cryptocast.live/verify/eth:0
[ 3879648ms] [ERROR] error = TypeError: Failed to fetch
    at getEthVerified (http://localhost:5173/src/Pages/MainPage.tsx:64:31)
    at fetchData (http://localhost:5173/src/Pages/MainPage.tsx:132:17)
    at http://localhost:5173/src/Pages/MainPage.tsx:161:13 @ http://localhost:5173/src/Pages/MainPage.tsx:70
[ 3879648ms] [ERROR] Failed to load resource: net::ERR_NAME_NOT_RESOLVED @ https://api.cryptocast.live/verify/btc:0
[ 3879648ms] [ERROR] error = TypeError: Failed to fetch
    at getBtcVerified (http://localhost:5173/src/Pages/MainPage.tsx:51:31)
    at fetchData (http://localhost:5173/src/Pages/MainPage.tsx:133:17)
    at http://localhost:5173/src/Pages/MainPage.tsx:161:13 @ http://localhost:5173/src/Pages/MainPage.tsx:57
[ 3879648ms] [ERROR] Failed to load resource: net::ERR_NAME_NOT_RESOLVED @ https://api.cryptocast.live/volatility/eth:0
[ 3879648ms] [ERROR] error = TypeError: Failed to fetch
    at getEthError (http://localhost:5173/src/Pages/MainPage.tsx:103:31)
    at fetchData (http://localhost:5173/src/Pages/MainPage.tsx:134:17)
    at http://localhost:5173/src/Pages/MainPage.tsx:161:13 @ http://localhost:5173/src/Pages/MainPage.tsx:109
[ 3879648ms] [ERROR] Failed to load resource: net::ERR_NAME_NOT_RESOLVED @ https://api.cryptocast.live/volatility/btc:0
[ 3879648ms] [ERROR] error = TypeError: Failed to fetch
    at getBtcError (http://localhost:5173/src/Pages/MainPage.tsx:116:31)
    at fetchData (http://localhost:5173/src/Pages/MainPage.tsx:135:17)
    at http://localhost:5173/src/Pages/MainPage.tsx:161:13 @ http://localhost:5173/src/Pages/MainPage.tsx:122
[ 3879649ms] [ERROR] Failed to load resource: net::ERR_NAME_NOT_RESOLVED @ https://api.cryptocast.live/verify/btc:0
[ 3879649ms] [ERROR] error = TypeError: Failed to fetch
    at getBtcVerified (http://localhost:5173/src/Pages/MainPage.tsx:51:31)
    at fetchData (http://localhost:5173/src/Pages/MainPage.tsx:133:17)
    at http://localhost:5173/src/Pages/MainPage.tsx:161:13 @ http://localhost:5173/src/Pages/MainPage.tsx:57
[ 3879649ms] [ERROR] Failed to load resource: net::ERR_NAME_NOT_RESOLVED @ https://api.cryptocast.live/verify/eth:0
[ 3879649ms] [ERROR] error = TypeError: Failed to fetch
    at getEthVerified (http://localhost:5173/src/Pages/MainPage.tsx:64:31)
    at fetchData (http://localhost:5173/src/Pages/MainPage.tsx:132:17)
    at http://localhost:5173/src/Pages/MainPage.tsx:161:13 @ http://localhost:5173/src/Pages/MainPage.tsx:70
[ 3879649ms] [ERROR] Failed to load resource: net::ERR_NAME_NOT_RESOLVED @ https://api.cryptocast.live/btc:0
[ 3879649ms] [ERROR] error = TypeError: Failed to fetch
    at getBtcPrice (http://localhost:5173/src/Pages/MainPage.tsx:90:31)
    at fetchData (http://localhost:5173/src/Pages/MainPage.tsx:131:17)
    at http://localhost:5173/src/Pages/MainPage.tsx:161:13 @ http://localhost:5173/src/Pages/MainPage.tsx:96
[ 3879649ms] [ERROR] Failed to load resource: net::ERR_NAME_NOT_RESOLVED @ https://api.cryptocast.live/eth:0
[ 3879649ms] [ERROR] error = TypeError: Failed to fetch
    at getEthPrice (http://localhost:5173/src/Pages/MainPage.tsx:77:31)
    at fetchData (http://localhost:5173/src/Pages/MainPage.tsx:130:17)
    at http://localhost:5173/src/Pages/MainPage.tsx:161:13 @ http://localhost:5173/src/Pages/MainPage.tsx:83
[ 3879649ms] [ERROR] Failed to load resource: net::ERR_NAME_NOT_RESOLVED @ https://api.cryptocast.live/volatility/btc:0
[ 3879649ms] [ERROR] error = TypeError: Failed to fetch
    at getBtcError (http://localhost:5173/src/Pages/MainPage.tsx:116:31)
    at fetchData (http://localhost:5173/src/Pages/MainPage.tsx:135:17)
    at http://localhost:5173/src/Pages/MainPage.tsx:161:13 @ http://localhost:5173/src/Pages/MainPage.tsx:122
[ 3879649ms] [ERROR] Failed to load resource: net::ERR_NAME_NOT_RESOLVED @ https://api.cryptocast.live/volatility/eth:0
[ 3879649ms] [ERROR] error = TypeError: Failed to fetch
    at getEthError (http://localhost:5173/src/Pages/MainPage.tsx:103:31)
    at fetchData (http://localhost:5173/src/Pages/MainPage.tsx:134:17)
    at http://localhost:5173/src/Pages/MainPage.tsx:161:13 @ http://localhost:5173/src/Pages/MainPage.tsx:109
[ 4479995ms] [ERROR] Failed to load resource: net::ERR_NAME_NOT_RESOLVED @ https://api.cryptocast.live/eth:0
[ 4479995ms] [ERROR] error = TypeError: Failed to fetch
    at getEthPrice (http://localhost:5173/src/Pages/MainPage.tsx:77:31)
    at fetchData (http://localhost:5173/src/Pages/MainPage.tsx:130:17)
    at http://localhost:5173/src/Pages/MainPage.tsx:161:13 @ http://localhost:5173/src/Pages/MainPage.tsx:83
[ 4479998ms] [ERROR] Failed to load resource: net::ERR_NAME_NOT_RESOLVED @ https://api.cryptocast.live/btc:0
[ 4479998ms] [ERROR] error = TypeError: Failed to fetch
    at getBtcPrice (http://localhost:5173/src/Pages/MainPage.tsx:90:31)
    at fetchData (http://localhost:5173/src/Pages/MainPage.tsx:131:17)
    at http://localhost:5173/src/Pages/MainPage.tsx:161:13 @ http://localhost:5173/src/Pages/MainPage.tsx:96
[ 4479998ms] [ERROR] Failed to load resource: net::ERR_NAME_NOT_RESOLVED @ https://api.cryptocast.live/verify/eth:0
[ 4479998ms] [ERROR] error = TypeError: Failed to fetch
    at getEthVerified (http://localhost:5173/src/Pages/MainPage.tsx:64:31)
    at fetchData (http://localhost:5173/src/Pages/MainPage.tsx:132:17)
    at http://localhost:5173/src/Pages/MainPage.tsx:161:13 @ http://localhost:5173/src/Pages/MainPage.tsx:70
[ 4479998ms] [ERROR] Failed to load resource: net::ERR_NAME_NOT_RESOLVED @ https://api.cryptocast.live/verify/btc:0
[ 4479998ms] [ERROR] error = TypeError: Failed to fetch
    at getBtcVerified (http://localhost:5173/src/Pages/MainPage.tsx:51:31)
    at fetchData (http://localhost:5173/src/Pages/MainPage.tsx:133:17)
    at http://localhost:5173/src/Pages/MainPage.tsx:161:13 @ http://localhost:5173/src/Pages/MainPage.tsx:57
[ 4479999ms] [ERROR] Failed to load resource: net::ERR_NAME_NOT_RESOLVED @ https://api.cryptocast.live/volatility/eth:0
[ 4479999ms] [ERROR] error = TypeError: Failed to fetch
    at getEthError (http://localhost:5173/src/Pages/MainPage.tsx:103:31)
    at fetchData (http://localhost:5173/src/Pages/MainPage.tsx:134:17)
    at http://localhost:5173/src/Pages/MainPage.tsx:161:13 @ http://localhost:5173/src/Pages/MainPage.tsx:109
[ 4479999ms] [ERROR] Failed to load resource: net::ERR_NAME_NOT_RESOLVED @ https://api.cryptocast.live/volatility/btc:0
[ 4479999ms] [ERROR] error = TypeError: Failed to fetch
    at getBtcError (http://localhost:5173/src/Pages/MainPage.tsx:116:31)
    at fetchData (http://localhost:5173/src/Pages/MainPage.tsx:135:17)
    at http://localhost:5173/src/Pages/MainPage.tsx:161:13 @ http://localhost:5173/src/Pages/MainPage.tsx:122
[ 4479999ms] [ERROR] Failed to load resource: net::ERR_NAME_NOT_RESOLVED @ https://api.cryptocast.live/verify/btc:0
[ 4479999ms] [ERROR] error = TypeError: Failed to fetch
    at getBtcVerified (http://localhost:5173/src/Pages/MainPage.tsx:51:31)
    at fetchData (http://localhost:5173/src/Pages/MainPage.tsx:133:17)
    at http://localhost:5173/src/Pages/MainPage.tsx:161:13 @ http://localhost:5173/src/Pages/MainPage.tsx:57
[ 4479999ms] [ERROR] Failed to load resource: net::ERR_NAME_NOT_RESOLVED @ https://api.cryptocast.live/verify/eth:0
[ 4479999ms] [ERROR] error = TypeError: Failed to fetch
    at getEthVerified (http://localhost:5173/src/Pages/MainPage.tsx:64:31)
    at fetchData (http://localhost:5173/src/Pages/MainPage.tsx:132:17)
    at http://localhost:5173/src/Pages/MainPage.tsx:161:13 @ http://localhost:5173/src/Pages/MainPage.tsx:70
[ 4479999ms] [ERROR] Failed to load resource: net::ERR_NAME_NOT_RESOLVED @ https://api.cryptocast.live/btc:0
[ 4479999ms] [ERROR] error = TypeError: Failed to fetch
    at getBtcPrice (http://localhost:5173/src/Pages/MainPage.tsx:90:31)
    at fetchData (http://localhost:5173/src/Pages/MainPage.tsx:131:17)
    at http://localhost:5173/src/Pages/MainPage.tsx:161:13 @ http://localhost:5173/src/Pages/MainPage.tsx:96
[ 4479999ms] [ERROR] Failed to load resource: net::ERR_NAME_NOT_RESOLVED @ https://api.cryptocast.live/eth:0
[ 4479999ms] [ERROR] error = TypeError: Failed to fetch
    at getEthPrice (http://localhost:5173/src/Pages/MainPage.tsx:77:31)
    at fetchData (http://localhost:5173/src/Pages/MainPage.tsx:130:17)
    at http://localhost:5173/src/Pages/MainPage.tsx:161:13 @ http://localhost:5173/src/Pages/MainPage.tsx:83
[ 4479999ms] [ERROR] Failed to load resource: net::ERR_NAME_NOT_RESOLVED @ https://api.cryptocast.live/volatility/btc:0
[ 4479999ms] [ERROR] error = TypeError: Failed to fetch
    at getBtcError (http://localhost:5173/src/Pages/MainPage.tsx:116:31)
    at fetchData (http://localhost:5173/src/Pages/MainPage.tsx:135:17)
    at http://localhost:5173/src/Pages/MainPage.tsx:161:13 @ http://localhost:5173/src/Pages/MainPage.tsx:122
[ 4479999ms] [ERROR] Failed to load resource: net::ERR_NAME_NOT_RESOLVED @ https://api.cryptocast.live/volatility/eth:0
[ 4479999ms] [ERROR] error = TypeError: Failed to fetch
    at getEthError (http://localhost:5173/src/Pages/MainPage.tsx:103:31)
    at fetchData (http://localhost:5173/src/Pages/MainPage.tsx:134:17)
    at http://localhost:5173/src/Pages/MainPage.tsx:161:13 @ http://localhost:5173/src/Pages/MainPage.tsx:109
[ 5079668ms] [ERROR] Failed to load resource: net::ERR_NAME_NOT_RESOLVED @ https://api.cryptocast.live/eth:0
[ 5079669ms] [ERROR] error = TypeError: Failed to fetch
    at getEthPrice (http://localhost:5173/src/Pages/MainPage.tsx:77:31)
    at fetchData (http://localhost:5173/src/Pages/MainPage.tsx:130:17)
    at http://localhost:5173/src/Pages/MainPage.tsx:161:13 @ http://localhost:5173/src/Pages/MainPage.tsx:83
[ 5079674ms] [ERROR] Failed to load resource: net::ERR_NAME_NOT_RESOLVED @ https://api.cryptocast.live/btc:0
[ 5079674ms] [ERROR] error = TypeError: Failed to fetch
    at getBtcPrice (http://localhost:5173/src/Pages/MainPage.tsx:90:31)
    at fetchData (http://localhost:5173/src/Pages/MainPage.tsx:131:17)
    at http://localhost:5173/src/Pages/MainPage.tsx:161:13 @ http://localhost:5173/src/Pages/MainPage.tsx:96
[ 5079674ms] [ERROR] Failed to load resource: net::ERR_NAME_NOT_RESOLVED @ https://api.cryptocast.live/verify/eth:0
[ 5079674ms] [ERROR] error = TypeError: Failed to fetch
    at getEthVerified (http://localhost:5173/src/Pages/MainPage.tsx:64:31)
    at fetchData (http://localhost:5173/src/Pages/MainPage.tsx:132:17)
    at http://localhost:5173/src/Pages/MainPage.tsx:161:13 @ http://localhost:5173/src/Pages/MainPage.tsx:70
[ 5079674ms] [ERROR] Failed to load resource: net::ERR_NAME_NOT_RESOLVED @ https://api.cryptocast.live/verify/btc:0
[ 5079674ms] [ERROR] error = TypeError: Failed to fetch
    at getBtcVerified (http://localhost:5173/src/Pages/MainPage.tsx:51:31)
    at fetchData (http://localhost:5173/src/Pages/MainPage.tsx:133:17)
    at http://localhost:5173/src/Pages/MainPage.tsx:161:13 @ http://localhost:5173/src/Pages/MainPage.tsx:57
[ 5079674ms] [ERROR] Failed to load resource: net::ERR_NAME_NOT_RESOLVED @ https://api.cryptocast.live/volatility/eth:0
[ 5079674ms] [ERROR] error = TypeError: Failed to fetch
    at getEthError (http://localhost:5173/src/Pages/MainPage.tsx:103:31)
    at fetchData (http://localhost:5173/src/Pages/MainPage.tsx:134:17)
    at http://localhost:5173/src/Pages/MainPage.tsx:161:13 @ http://localhost:5173/src/Pages/MainPage.tsx:109
[ 5079674ms] [ERROR] Failed to load resource: net::ERR_NAME_NOT_RESOLVED @ https://api.cryptocast.live/volatility/btc:0
[ 5079674ms] [ERROR] error = TypeError: Failed to fetch
    at getBtcError (http://localhost:5173/src/Pages/MainPage.tsx:116:31)
    at fetchData (http://localhost:5173/src/Pages/MainPage.tsx:135:17)
    at http://localhost:5173/src/Pages/MainPage.tsx:161:13 @ http://localhost:5173/src/Pages/MainPage.tsx:122
[ 5079675ms] [ERROR] Failed to load resource: net::ERR_NAME_NOT_RESOLVED @ https://api.cryptocast.live/verify/btc:0
[ 5079675ms] [ERROR] error = TypeError: Failed to fetch
    at getBtcVerified (http://localhost:5173/src/Pages/MainPage.tsx:51:31)
    at fetchData (http://localhost:5173/src/Pages/MainPage.tsx:133:17)
    at http://localhost:5173/src/Pages/MainPage.tsx:161:13 @ http://localhost:5173/src/Pages/MainPage.tsx:57
[ 5079675ms] [ERROR] Failed to load resource: net::ERR_NAME_NOT_RESOLVED @ https://api.cryptocast.live/verify/eth:0
[ 5079675ms] [ERROR] error = TypeError: Failed to fetch
    at getEthVerified (http://localhost:5173/src/Pages/MainPage.tsx:64:31)
    at fetchData (http://localhost:5173/src/Pages/MainPage.tsx:132:17)
    at http://localhost:5173/src/Pages/MainPage.tsx:161:13 @ http://localhost:5173/src/Pages/MainPage.tsx:70
[ 5079675ms] [ERROR] Failed to load resource: net::ERR_NAME_NOT_RESOLVED @ https://api.cryptocast.live/btc:0
[ 5079675ms] [ERROR] error = TypeError: Failed to fetch
    at getBtcPrice (http://localhost:5173/src/Pages/MainPage.tsx:90:31)
    at fetchData (http://localhost:5173/src/Pages/MainPage.tsx:131:17)
    at http://localhost:5173/src/Pages/MainPage.tsx:161:13 @ http://localhost:5173/src/Pages/MainPage.tsx:96
[ 5079675ms] [ERROR] Failed to load resource: net::ERR_NAME_NOT_RESOLVED @ https://api.cryptocast.live/eth:0
[ 5079675ms] [ERROR] error = TypeError: Failed to fetch
    at getEthPrice (http://localhost:5173/src/Pages/MainPage.tsx:77:31)
    at fetchData (http://localhost:5173/src/Pages/MainPage.tsx:130:17)
    at http://localhost:5173/src/Pages/MainPage.tsx:161:13 @ http://localhost:5173/src/Pages/MainPage.tsx:83
[ 5079675ms] [ERROR] Failed to load resource: net::ERR_NAME_NOT_RESOLVED @ https://api.cryptocast.live/volatility/btc:0
[ 5079675ms] [ERROR] error = TypeError: Failed to fetch
    at getBtcError (http://localhost:5173/src/Pages/MainPage.tsx:116:31)
    at fetchData (http://localhost:5173/src/Pages/MainPage.tsx:135:17)
    at http://localhost:5173/src/Pages/MainPage.tsx:161:13 @ http://localhost:5173/src/Pages/MainPage.tsx:122
[ 5079675ms] [ERROR] Failed to load resource: net::ERR_NAME_NOT_RESOLVED @ https://api.cryptocast.live/volatility/eth:0
[ 5079675ms] [ERROR] error = TypeError: Failed to fetch
    at getEthError (http://localhost:5173/src/Pages/MainPage.tsx:103:31)
    at fetchData (http://localhost:5173/src/Pages/MainPage.tsx:134:17)
    at http://localhost:5173/src/Pages/MainPage.tsx:161:13 @ http://localhost:5173/src/Pages/MainPage.tsx:109
[ 5679650ms] [ERROR] Failed to load resource: net::ERR_NAME_NOT_RESOLVED @ https://api.cryptocast.live/eth:0
[ 5679650ms] [ERROR] error = TypeError: Failed to fetch
    at getEthPrice (http://localhost:5173/src/Pages/MainPage.tsx:77:31)
    at fetchData (http://localhost:5173/src/Pages/MainPage.tsx:130:17)
    at http://localhost:5173/src/Pages/MainPage.tsx:161:13 @ http://localhost:5173/src/Pages/MainPage.tsx:83
[ 5679652ms] [ERROR] Failed to load resource: net::ERR_NAME_NOT_RESOLVED @ https://api.cryptocast.live/btc:0
[ 5679652ms] [ERROR] error = TypeError: Failed to fetch
    at getBtcPrice (http://localhost:5173/src/Pages/MainPage.tsx:90:31)
    at fetchData (http://localhost:5173/src/Pages/MainPage.tsx:131:17)
    at http://localhost:5173/src/Pages/MainPage.tsx:161:13 @ http://localhost:5173/src/Pages/MainPage.tsx:96
[ 5679652ms] [ERROR] Failed to load resource: net::ERR_NAME_NOT_RESOLVED @ https://api.cryptocast.live/verify/eth:0
[ 5679652ms] [ERROR] error = TypeError: Failed to fetch
    at getEthVerified (http://localhost:5173/src/Pages/MainPage.tsx:64:31)
    at fetchData (http://localhost:5173/src/Pages/MainPage.tsx:132:17)
    at http://localhost:5173/src/Pages/MainPage.tsx:161:13 @ http://localhost:5173/src/Pages/MainPage.tsx:70
[ 5679652ms] [ERROR] Failed to load resource: net::ERR_NAME_NOT_RESOLVED @ https://api.cryptocast.live/verify/btc:0
[ 5679652ms] [ERROR] error = TypeError: Failed to fetch
    at getBtcVerified (http://localhost:5173/src/Pages/MainPage.tsx:51:31)
    at fetchData (http://localhost:5173/src/Pages/MainPage.tsx:133:17)
    at http://localhost:5173/src/Pages/MainPage.tsx:161:13 @ http://localhost:5173/src/Pages/MainPage.tsx:57
[ 5679652ms] [ERROR] Failed to load resource: net::ERR_NAME_NOT_RESOLVED @ https://api.cryptocast.live/volatility/eth:0
[ 5679652ms] [ERROR] error = TypeError: Failed to fetch
    at getEthError (http://localhost:5173/src/Pages/MainPage.tsx:103:31)
    at fetchData (http://localhost:5173/src/Pages/MainPage.tsx:134:17)
    at http://localhost:5173/src/Pages/MainPage.tsx:161:13 @ http://localhost:5173/src/Pages/MainPage.tsx:109
[ 5679652ms] [ERROR] Failed to load resource: net::ERR_NAME_NOT_RESOLVED @ https://api.cryptocast.live/volatility/btc:0
[ 5679652ms] [ERROR] error = TypeError: Failed to fetch
    at getBtcError (http://localhost:5173/src/Pages/MainPage.tsx:116:31)
    at fetchData (http://localhost:5173/src/Pages/MainPage.tsx:135:17)
    at http://localhost:5173/src/Pages/MainPage.tsx:161:13 @ http://localhost:5173/src/Pages/MainPage.tsx:122
[ 5679652ms] [ERROR] Failed to load resource: net::ERR_NAME_NOT_RESOLVED @ https://api.cryptocast.live/verify/btc:0
[ 5679652ms] [ERROR] error = TypeError: Failed to fetch
    at getBtcVerified (http://localhost:5173/src/Pages/MainPage.tsx:51:31)
    at fetchData (http://localhost:5173/src/Pages/MainPage.tsx:133:17)
    at http://localhost:5173/src/Pages/MainPage.tsx:161:13 @ http://localhost:5173/src/Pages/MainPage.tsx:57
[ 5679652ms] [ERROR] Failed to load resource: net::ERR_NAME_NOT_RESOLVED @ https://api.cryptocast.live/verify/eth:0
[ 5679652ms] [ERROR] error = TypeError: Failed to fetch
    at getEthVerified (http://localhost:5173/src/Pages/MainPage.tsx:64:31)
    at fetchData (http://localhost:5173/src/Pages/MainPage.tsx:132:17)
    at http://localhost:5173/src/Pages/MainPage.tsx:161:13 @ http://localhost:5173/src/Pages/MainPage.tsx:70
[ 5679652ms] [ERROR] Failed to load resource: net::ERR_NAME_NOT_RESOLVED @ https://api.cryptocast.live/btc:0
[ 5679652ms] [ERROR] error = TypeError: Failed to fetch
    at getBtcPrice (http://localhost:5173/src/Pages/MainPage.tsx:90:31)
    at fetchData (http://localhost:5173/src/Pages/MainPage.tsx:131:17)
    at http://localhost:5173/src/Pages/MainPage.tsx:161:13 @ http://localhost:5173/src/Pages/MainPage.tsx:96
[ 5679652ms] [ERROR] Failed to load resource: net::ERR_NAME_NOT_RESOLVED @ https://api.cryptocast.live/eth:0
[ 5679652ms] [ERROR] error = TypeError: Failed to fetch
    at getEthPrice (http://localhost:5173/src/Pages/MainPage.tsx:77:31)
    at fetchData (http://localhost:5173/src/Pages/MainPage.tsx:130:17)
    at http://localhost:5173/src/Pages/MainPage.tsx:161:13 @ http://localhost:5173/src/Pages/MainPage.tsx:83
[ 5679653ms] [ERROR] Failed to load resource: net::ERR_NAME_NOT_RESOLVED @ https://api.cryptocast.live/volatility/btc:0
[ 5679653ms] [ERROR] error = TypeError: Failed to fetch
    at getBtcError (http://localhost:5173/src/Pages/MainPage.tsx:116:31)
    at fetchData (http://localhost:5173/src/Pages/MainPage.tsx:135:17)
    at http://localhost:5173/src/Pages/MainPage.tsx:161:13 @ http://localhost:5173/src/Pages/MainPage.tsx:122
[ 5679653ms] [ERROR] Failed to load resource: net::ERR_NAME_NOT_RESOLVED @ https://api.cryptocast.live/volatility/eth:0
[ 5679653ms] [ERROR] error = TypeError: Failed to fetch
    at getEthError (http://localhost:5173/src/Pages/MainPage.tsx:103:31)
    at fetchData (http://localhost:5173/src/Pages/MainPage.tsx:134:17)
    at http://localhost:5173/src/Pages/MainPage.tsx:161:13 @ http://localhost:5173/src/Pages/MainPage.tsx:109
[ 6279657ms] [ERROR] Failed to load resource: net::ERR_NAME_NOT_RESOLVED @ https://api.cryptocast.live/eth:0
[ 6279657ms] [ERROR] error = TypeError: Failed to fetch
    at getEthPrice (http://localhost:5173/src/Pages/MainPage.tsx:77:31)
    at fetchData (http://localhost:5173/src/Pages/MainPage.tsx:130:17)
    at http://localhost:5173/src/Pages/MainPage.tsx:161:13 @ http://localhost:5173/src/Pages/MainPage.tsx:83
[ 6279660ms] [ERROR] Failed to load resource: net::ERR_NAME_NOT_RESOLVED @ https://api.cryptocast.live/btc:0
[ 6279660ms] [ERROR] error = TypeError: Failed to fetch
    at getBtcPrice (http://localhost:5173/src/Pages/MainPage.tsx:90:31)
    at fetchData (http://localhost:5173/src/Pages/MainPage.tsx:131:17)
    at http://localhost:5173/src/Pages/MainPage.tsx:161:13 @ http://localhost:5173/src/Pages/MainPage.tsx:96
[ 6279661ms] [ERROR] Failed to load resource: net::ERR_NAME_NOT_RESOLVED @ https://api.cryptocast.live/verify/eth:0
[ 6279661ms] [ERROR] error = TypeError: Failed to fetch
    at getEthVerified (http://localhost:5173/src/Pages/MainPage.tsx:64:31)
    at fetchData (http://localhost:5173/src/Pages/MainPage.tsx:132:17)
    at http://localhost:5173/src/Pages/MainPage.tsx:161:13 @ http://localhost:5173/src/Pages/MainPage.tsx:70
[ 6279661ms] [ERROR] Failed to load resource: net::ERR_NAME_NOT_RESOLVED @ https://api.cryptocast.live/verify/btc:0
[ 6279661ms] [ERROR] error = TypeError: Failed to fetch
    at getBtcVerified (http://localhost:5173/src/Pages/MainPage.tsx:51:31)
    at fetchData (http://localhost:5173/src/Pages/MainPage.tsx:133:17)
    at http://localhost:5173/src/Pages/MainPage.tsx:161:13 @ http://localhost:5173/src/Pages/MainPage.tsx:57
[ 6279661ms] [ERROR] Failed to load resource: net::ERR_NAME_NOT_RESOLVED @ https://api.cryptocast.live/volatility/eth:0
[ 6279661ms] [ERROR] error = TypeError: Failed to fetch
    at getEthError (http://localhost:5173/src/Pages/MainPage.tsx:103:31)
    at fetchData (http://localhost:5173/src/Pages/MainPage.tsx:134:17)
    at http://localhost:5173/src/Pages/MainPage.tsx:161:13 @ http://localhost:5173/src/Pages/MainPage.tsx:109
[ 6279661ms] [ERROR] Failed to load resource: net::ERR_NAME_NOT_RESOLVED @ https://api.cryptocast.live/volatility/btc:0
[ 6279661ms] [ERROR] error = TypeError: Failed to fetch
    at getBtcError (http://localhost:5173/src/Pages/MainPage.tsx:116:31)
    at fetchData (http://localhost:5173/src/Pages/MainPage.tsx:135:17)
    at http://localhost:5173/src/Pages/MainPage.tsx:161:13 @ http://localhost:5173/src/Pages/MainPage.tsx:122
[ 6279661ms] [ERROR] Failed to load resource: net::ERR_NAME_NOT_RESOLVED @ https://api.cryptocast.live/verify/btc:0
[ 6279661ms] [ERROR] error = TypeError: Failed to fetch
    at getBtcVerified (http://localhost:5173/src/Pages/MainPage.tsx:51:31)
    at fetchData (http://localhost:5173/src/Pages/MainPage.tsx:133:17)
    at http://localhost:5173/src/Pages/MainPage.tsx:161:13 @ http://localhost:5173/src/Pages/MainPage.tsx:57
[ 6279661ms] [ERROR] Failed to load resource: net::ERR_NAME_NOT_RESOLVED @ https://api.cryptocast.live/verify/eth:0
[ 6279661ms] [ERROR] error = TypeError: Failed to fetch
    at getEthVerified (http://localhost:5173/src/Pages/MainPage.tsx:64:31)
    at fetchData (http://localhost:5173/src/Pages/MainPage.tsx:132:17)
    at http://localhost:5173/src/Pages/MainPage.tsx:161:13 @ http://localhost:5173/src/Pages/MainPage.tsx:70
[ 6279662ms] [ERROR] Failed to load resource: net::ERR_NAME_NOT_RESOLVED @ https://api.cryptocast.live/btc:0
[ 6279662ms] [ERROR] error = TypeError: Failed to fetch
    at getBtcPrice (http://localhost:5173/src/Pages/MainPage.tsx:90:31)
    at fetchData (http://localhost:5173/src/Pages/MainPage.tsx:131:17)
    at http://localhost:5173/src/Pages/MainPage.tsx:161:13 @ http://localhost:5173/src/Pages/MainPage.tsx:96
[ 6279662ms] [ERROR] Failed to load resource: net::ERR_NAME_NOT_RESOLVED @ https://api.cryptocast.live/eth:0
[ 6279662ms] [ERROR] error = TypeError: Failed to fetch
    at getEthPrice (http://localhost:5173/src/Pages/MainPage.tsx:77:31)
    at fetchData (http://localhost:5173/src/Pages/MainPage.tsx:130:17)
    at http://localhost:5173/src/Pages/MainPage.tsx:161:13 @ http://localhost:5173/src/Pages/MainPage.tsx:83
[ 6279662ms] [ERROR] Failed to load resource: net::ERR_NAME_NOT_RESOLVED @ https://api.cryptocast.live/volatility/btc:0
[ 6279662ms] [ERROR] error = TypeError: Failed to fetch
    at getBtcError (http://localhost:5173/src/Pages/MainPage.tsx:116:31)
    at fetchData (http://localhost:5173/src/Pages/MainPage.tsx:135:17)
    at http://localhost:5173/src/Pages/MainPage.tsx:161:13 @ http://localhost:5173/src/Pages/MainPage.tsx:122
[ 6279662ms] [ERROR] Failed to load resource: net::ERR_NAME_NOT_RESOLVED @ https://api.cryptocast.live/volatility/eth:0
[ 6279662ms] [ERROR] error = TypeError: Failed to fetch
    at getEthError (http://localhost:5173/src/Pages/MainPage.tsx:103:31)
    at fetchData (http://localhost:5173/src/Pages/MainPage.tsx:134:17)
    at http://localhost:5173/src/Pages/MainPage.tsx:161:13 @ http://localhost:5173/src/Pages/MainPage.tsx:109
[ 6879667ms] [ERROR] Failed to load resource: net::ERR_NAME_NOT_RESOLVED @ https://api.cryptocast.live/eth:0
[ 6879668ms] [ERROR] error = TypeError: Failed to fetch
    at getEthPrice (http://localhost:5173/src/Pages/MainPage.tsx:77:31)
    at fetchData (http://localhost:5173/src/Pages/MainPage.tsx:130:17)
    at http://localhost:5173/src/Pages/MainPage.tsx:161:13 @ http://localhost:5173/src/Pages/MainPage.tsx:83
[ 6879673ms] [ERROR] Failed to load resource: net::ERR_NAME_NOT_RESOLVED @ https://api.cryptocast.live/btc:0
[ 6879673ms] [ERROR] error = TypeError: Failed to fetch
    at getBtcPrice (http://localhost:5173/src/Pages/MainPage.tsx:90:31)
    at fetchData (http://localhost:5173/src/Pages/MainPage.tsx:131:17)
    at http://localhost:5173/src/Pages/MainPage.tsx:161:13 @ http://localhost:5173/src/Pages/MainPage.tsx:96
[ 6879673ms] [ERROR] Failed to load resource: net::ERR_NAME_NOT_RESOLVED @ https://api.cryptocast.live/verify/eth:0
[ 6879673ms] [ERROR] error = TypeError: Failed to fetch
    at getEthVerified (http://localhost:5173/src/Pages/MainPage.tsx:64:31)
    at fetchData (http://localhost:5173/src/Pages/MainPage.tsx:132:17)
    at http://localhost:5173/src/Pages/MainPage.tsx:161:13 @ http://localhost:5173/src/Pages/MainPage.tsx:70
[ 6879673ms] [ERROR] Failed to load resource: net::ERR_NAME_NOT_RESOLVED @ https://api.cryptocast.live/verify/btc:0
[ 6879673ms] [ERROR] error = TypeError: Failed to fetch
    at getBtcVerified (http://localhost:5173/src/Pages/MainPage.tsx:51:31)
    at fetchData (http://localhost:5173/src/Pages/MainPage.tsx:133:17)
    at http://localhost:5173/src/Pages/MainPage.tsx:161:13 @ http://localhost:5173/src/Pages/MainPage.tsx:57
[ 6879673ms] [ERROR] Failed to load resource: net::ERR_NAME_NOT_RESOLVED @ https://api.cryptocast.live/volatility/eth:0
[ 6879674ms] [ERROR] error = TypeError: Failed to fetch
    at getEthError (http://localhost:5173/src/Pages/MainPage.tsx:103:31)
    at fetchData (http://localhost:5173/src/Pages/MainPage.tsx:134:17)
    at http://localhost:5173/src/Pages/MainPage.tsx:161:13 @ http://localhost:5173/src/Pages/MainPage.tsx:109
[ 6879674ms] [ERROR] Failed to load resource: net::ERR_NAME_NOT_RESOLVED @ https://api.cryptocast.live/volatility/btc:0
[ 6879674ms] [ERROR] error = TypeError: Failed to fetch
    at getBtcError (http://localhost:5173/src/Pages/MainPage.tsx:116:31)
    at fetchData (http://localhost:5173/src/Pages/MainPage.tsx:135:17)
    at http://localhost:5173/src/Pages/MainPage.tsx:161:13 @ http://localhost:5173/src/Pages/MainPage.tsx:122
[ 6879674ms] [ERROR] Failed to load resource: net::ERR_NAME_NOT_RESOLVED @ https://api.cryptocast.live/verify/btc:0
[ 6879674ms] [ERROR] error = TypeError: Failed to fetch
    at getBtcVerified (http://localhost:5173/src/Pages/MainPage.tsx:51:31)
    at fetchData (http://localhost:5173/src/Pages/MainPage.tsx:133:17)
    at http://localhost:5173/src/Pages/MainPage.tsx:161:13 @ http://localhost:5173/src/Pages/MainPage.tsx:57
[ 6879674ms] [ERROR] Failed to load resource: net::ERR_NAME_NOT_RESOLVED @ https://api.cryptocast.live/verify/eth:0
[ 6879674ms] [ERROR] error = TypeError: Failed to fetch
    at getEthVerified (http://localhost:5173/src/Pages/MainPage.tsx:64:31)
    at fetchData (http://localhost:5173/src/Pages/MainPage.tsx:132:17)
    at http://localhost:5173/src/Pages/MainPage.tsx:161:13 @ http://localhost:5173/src/Pages/MainPage.tsx:70
[ 6879674ms] [ERROR] Failed to load resource: net::ERR_NAME_NOT_RESOLVED @ https://api.cryptocast.live/btc:0
[ 6879674ms] [ERROR] error = TypeError: Failed to fetch
    at getBtcPrice (http://localhost:5173/src/Pages/MainPage.tsx:90:31)
    at fetchData (http://localhost:5173/src/Pages/MainPage.tsx:131:17)
    at http://localhost:5173/src/Pages/MainPage.tsx:161:13 @ http://localhost:5173/src/Pages/MainPage.tsx:96
[ 6879674ms] [ERROR] Failed to load resource: net::ERR_NAME_NOT_RESOLVED @ https://api.cryptocast.live/eth:0
[ 6879674ms] [ERROR] error = TypeError: Failed to fetch
    at getEthPrice (http://localhost:5173/src/Pages/MainPage.tsx:77:31)
    at fetchData (http://localhost:5173/src/Pages/MainPage.tsx:130:17)
    at http://localhost:5173/src/Pages/MainPage.tsx:161:13 @ http://localhost:5173/src/Pages/MainPage.tsx:83
[ 6879674ms] [ERROR] Failed to load resource: net::ERR_NAME_NOT_RESOLVED @ https://api.cryptocast.live/volatility/btc:0
[ 6879674ms] [ERROR] error = TypeError: Failed to fetch
    at getBtcError (http://localhost:5173/src/Pages/MainPage.tsx:116:31)
    at fetchData (http://localhost:5173/src/Pages/MainPage.tsx:135:17)
    at http://localhost:5173/src/Pages/MainPage.tsx:161:13 @ http://localhost:5173/src/Pages/MainPage.tsx:122
[ 6879674ms] [ERROR] Failed to load resource: net::ERR_NAME_NOT_RESOLVED @ https://api.cryptocast.live/volatility/eth:0
[ 6879674ms] [ERROR] error = TypeError: Failed to fetch
    at getEthError (http://localhost:5173/src/Pages/MainPage.tsx:103:31)
    at fetchData (http://localhost:5173/src/Pages/MainPage.tsx:134:17)
    at http://localhost:5173/src/Pages/MainPage.tsx:161:13 @ http://localhost:5173/src/Pages/MainPage.tsx:109
[ 7004936ms] [ERROR] Failed to load resource: net::ERR_NAME_NOT_RESOLVED @ https://api.cryptocast.live/eth:0
[ 7004936ms] [ERROR] error = TypeError: Failed to fetch
    at getEthPrice (http://localhost:5173/src/Pages/MainPage.tsx?t=1786785832504:78:31)
    at fetchData (http://localhost:5173/src/Pages/MainPage.tsx?t=1786785832504:131:17)
    at http://localhost:5173/src/Pages/MainPage.tsx?t=1786785832504:160:9
    at updateMemo (http://localhost:5173/node_modules/.vite/deps/chunk-YFB5YCE7.js?v=28f1e096:12258:27)
    at Object.useMemo (http://localhost:5173/node_modules/.vite/deps/chunk-YFB5YCE7.js?v=28f1e096:12774:24)
    at useMemo (http://localhost:5173/node_modules/.vite/deps/chunk-RLJ2RCJQ.js?v=28f1e096:1094:29)
    at MainPage (http://localhost:5173/src/Pages/MainPage.tsx?t=1786785832504:159:5)
    at renderWithHooks (http://localhost:5173/node_modules/.vite/deps/chunk-YFB5YCE7.js?v=28f1e096:11596:26)
    at updateFunctionComponent (http://localhost:5173/node_modules/.vite/deps/chunk-YFB5YCE7.js?v=28f1e096:14630:28)
    at beginWork (http://localhost:5173/node_modules/.vite/deps/chunk-YFB5YCE7.js?v=28f1e096:15972:22) @ http://localhost:5173/src/Pages/MainPage.tsx?t=1786785832504:84
[ 7004937ms] [ERROR] Failed to load resource: net::ERR_NAME_NOT_RESOLVED @ https://api.cryptocast.live/btc:0
[ 7004937ms] [ERROR] error = TypeError: Failed to fetch
    at getBtcPrice (http://localhost:5173/src/Pages/MainPage.tsx?t=1786785832504:91:31)
    at fetchData (http://localhost:5173/src/Pages/MainPage.tsx?t=1786785832504:132:17)
    at http://localhost:5173/src/Pages/MainPage.tsx?t=1786785832504:160:9
    at updateMemo (http://localhost:5173/node_modules/.vite/deps/chunk-YFB5YCE7.js?v=28f1e096:12258:27)
    at Object.useMemo (http://localhost:5173/node_modules/.vite/deps/chunk-YFB5YCE7.js?v=28f1e096:12774:24)
    at useMemo (http://localhost:5173/node_modules/.vite/deps/chunk-RLJ2RCJQ.js?v=28f1e096:1094:29)
    at MainPage (http://localhost:5173/src/Pages/MainPage.tsx?t=1786785832504:159:5)
    at renderWithHooks (http://localhost:5173/node_modules/.vite/deps/chunk-YFB5YCE7.js?v=28f1e096:11596:26)
    at updateFunctionComponent (http://localhost:5173/node_modules/.vite/deps/chunk-YFB5YCE7.js?v=28f1e096:14630:28)
    at beginWork (http://localhost:5173/node_modules/.vite/deps/chunk-YFB5YCE7.js?v=28f1e096:15972:22) @ http://localhost:5173/src/Pages/MainPage.tsx?t=1786785832504:97
[ 7004938ms] [ERROR] Failed to load resource: net::ERR_NAME_NOT_RESOLVED @ https://api.cryptocast.live/verify/eth:0
[ 7004938ms] [ERROR] error = TypeError: Failed to fetch
    at getEthVerified (http://localhost:5173/src/Pages/MainPage.tsx?t=1786785832504:65:31)
    at fetchData (http://localhost:5173/src/Pages/MainPage.tsx?t=1786785832504:133:17)
    at http://localhost:5173/src/Pages/MainPage.tsx?t=1786785832504:160:9
    at updateMemo (http://localhost:5173/node_modules/.vite/deps/chunk-YFB5YCE7.js?v=28f1e096:12258:27)
    at Object.useMemo (http://localhost:5173/node_modules/.vite/deps/chunk-YFB5YCE7.js?v=28f1e096:12774:24)
    at useMemo (http://localhost:5173/node_modules/.vite/deps/chunk-RLJ2RCJQ.js?v=28f1e096:1094:29)
    at MainPage (http://localhost:5173/src/Pages/MainPage.tsx?t=1786785832504:159:5)
    at renderWithHooks (http://localhost:5173/node_modules/.vite/deps/chunk-YFB5YCE7.js?v=28f1e096:11596:26)
    at updateFunctionComponent (http://localhost:5173/node_modules/.vite/deps/chunk-YFB5YCE7.js?v=28f1e096:14630:28)
    at beginWork (http://localhost:5173/node_modules/.vite/deps/chunk-YFB5YCE7.js?v=28f1e096:15972:22) @ http://localhost:5173/src/Pages/MainPage.tsx?t=1786785832504:71
[ 7004938ms] [ERROR] Failed to load resource: net::ERR_NAME_NOT_RESOLVED @ https://api.cryptocast.live/verify/btc:0
[ 7004938ms] [ERROR] error = TypeError: Failed to fetch
    at getBtcVerified (http://localhost:5173/src/Pages/MainPage.tsx?t=1786785832504:52:31)
    at fetchData (http://localhost:5173/src/Pages/MainPage.tsx?t=1786785832504:134:17)
    at http://localhost:5173/src/Pages/MainPage.tsx?t=1786785832504:160:9
    at updateMemo (http://localhost:5173/node_modules/.vite/deps/chunk-YFB5YCE7.js?v=28f1e096:12258:27)
    at Object.useMemo (http://localhost:5173/node_modules/.vite/deps/chunk-YFB5YCE7.js?v=28f1e096:12774:24)
    at useMemo (http://localhost:5173/node_modules/.vite/deps/chunk-RLJ2RCJQ.js?v=28f1e096:1094:29)
    at MainPage (http://localhost:5173/src/Pages/MainPage.tsx?t=1786785832504:159:5)
    at renderWithHooks (http://localhost:5173/node_modules/.vite/deps/chunk-YFB5YCE7.js?v=28f1e096:11596:26)
    at updateFunctionComponent (http://localhost:5173/node_modules/.vite/deps/chunk-YFB5YCE7.js?v=28f1e096:14630:28)
    at beginWork (http://localhost:5173/node_modules/.vite/deps/chunk-YFB5YCE7.js?v=28f1e096:15972:22) @ http://localhost:5173/src/Pages/MainPage.tsx?t=1786785832504:58
[ 7004938ms] [ERROR] Failed to load resource: net::ERR_NAME_NOT_RESOLVED @ https://api.cryptocast.live/volatility/eth:0
[ 7004938ms] [ERROR] error = TypeError: Failed to fetch
    at getEthError (http://localhost:5173/src/Pages/MainPage.tsx?t=1786785832504:104:31)
    at fetchData (http://localhost:5173/src/Pages/MainPage.tsx?t=1786785832504:135:17)
    at http://localhost:5173/src/Pages/MainPage.tsx?t=1786785832504:160:9
    at updateMemo (http://localhost:5173/node_modules/.vite/deps/chunk-YFB5YCE7.js?v=28f1e096:12258:27)
    at Object.useMemo (http://localhost:5173/node_modules/.vite/deps/chunk-YFB5YCE7.js?v=28f1e096:12774:24)
    at useMemo (http://localhost:5173/node_modules/.vite/deps/chunk-RLJ2RCJQ.js?v=28f1e096:1094:29)
    at MainPage (http://localhost:5173/src/Pages/MainPage.tsx?t=1786785832504:159:5)
    at renderWithHooks (http://localhost:5173/node_modules/.vite/deps/chunk-YFB5YCE7.js?v=28f1e096:11596:26)
    at updateFunctionComponent (http://localhost:5173/node_modules/.vite/deps/chunk-YFB5YCE7.js?v=28f1e096:14630:28)
    at beginWork (http://localhost:5173/node_modules/.vite/deps/chunk-YFB5YCE7.js?v=28f1e096:15972:22) @ http://localhost:5173/src/Pages/MainPage.tsx?t=1786785832504:110
[ 7004939ms] [ERROR] Failed to load resource: net::ERR_NAME_NOT_RESOLVED @ https://api.cryptocast.live/volatility/btc:0
[ 7004939ms] [ERROR] error = TypeError: Failed to fetch
    at getBtcError (http://localhost:5173/src/Pages/MainPage.tsx?t=1786785832504:117:31)
    at fetchData (http://localhost:5173/src/Pages/MainPage.tsx?t=1786785832504:136:17)
    at http://localhost:5173/src/Pages/MainPage.tsx?t=1786785832504:160:9
    at updateMemo (http://localhost:5173/node_modules/.vite/deps/chunk-YFB5YCE7.js?v=28f1e096:12258:27)
    at Object.useMemo (http://localhost:5173/node_modules/.vite/deps/chunk-YFB5YCE7.js?v=28f1e096:12774:24)
    at useMemo (http://localhost:5173/node_modules/.vite/deps/chunk-RLJ2RCJQ.js?v=28f1e096:1094:29)
    at MainPage (http://localhost:5173/src/Pages/MainPage.tsx?t=1786785832504:159:5)
    at renderWithHooks (http://localhost:5173/node_modules/.vite/deps/chunk-YFB5YCE7.js?v=28f1e096:11596:26)
    at updateFunctionComponent (http://localhost:5173/node_modules/.vite/deps/chunk-YFB5YCE7.js?v=28f1e096:14630:28)
    at beginWork (http://localhost:5173/node_modules/.vite/deps/chunk-YFB5YCE7.js?v=28f1e096:15972:22) @ http://localhost:5173/src/Pages/MainPage.tsx?t=1786785832504:123
[ 7004939ms] [ERROR] Failed to load resource: net::ERR_NAME_NOT_RESOLVED @ https://api.cryptocast.live/verify/eth:0
[ 7004939ms] [ERROR] error = TypeError: Failed to fetch
    at getEthVerified (http://localhost:5173/src/Pages/MainPage.tsx?t=1786785832504:65:31)
    at fetchData (http://localhost:5173/src/Pages/MainPage.tsx?t=1786785832504:133:17)
    at http://localhost:5173/src/Pages/MainPage.tsx?t=1786785832504:160:9
    at updateMemo (http://localhost:5173/node_modules/.vite/deps/chunk-YFB5YCE7.js?v=28f1e096:12258:27)
    at Object.useMemo (http://localhost:5173/node_modules/.vite/deps/chunk-YFB5YCE7.js?v=28f1e096:12774:24)
    at useMemo (http://localhost:5173/node_modules/.vite/deps/chunk-RLJ2RCJQ.js?v=28f1e096:1094:29)
    at MainPage (http://localhost:5173/src/Pages/MainPage.tsx?t=1786785832504:159:5)
    at renderWithHooks (http://localhost:5173/node_modules/.vite/deps/chunk-YFB5YCE7.js?v=28f1e096:11596:26)
    at updateFunctionComponent (http://localhost:5173/node_modules/.vite/deps/chunk-YFB5YCE7.js?v=28f1e096:14635:32)
    at beginWork (http://localhost:5173/node_modules/.vite/deps/chunk-YFB5YCE7.js?v=28f1e096:15972:22) @ http://localhost:5173/src/Pages/MainPage.tsx?t=1786785832504:71
[ 7004939ms] [ERROR] Failed to load resource: net::ERR_NAME_NOT_RESOLVED @ https://api.cryptocast.live/btc:0
[ 7004939ms] [ERROR] error = TypeError: Failed to fetch
    at getBtcPrice (http://localhost:5173/src/Pages/MainPage.tsx?t=1786785832504:91:31)
    at fetchData (http://localhost:5173/src/Pages/MainPage.tsx?t=1786785832504:132:17)
    at http://localhost:5173/src/Pages/MainPage.tsx?t=1786785832504:160:9
    at updateMemo (http://localhost:5173/node_modules/.vite/deps/chunk-YFB5YCE7.js?v=28f1e096:12258:27)
    at Object.useMemo (http://localhost:5173/node_modules/.vite/deps/chunk-YFB5YCE7.js?v=28f1e096:12774:24)
    at useMemo (http://localhost:5173/node_modules/.vite/deps/chunk-RLJ2RCJQ.js?v=28f1e096:1094:29)
    at MainPage (http://localhost:5173/src/Pages/MainPage.tsx?t=1786785832504:159:5)
    at renderWithHooks (http://localhost:5173/node_modules/.vite/deps/chunk-YFB5YCE7.js?v=28f1e096:11596:26)
    at updateFunctionComponent (http://localhost:5173/node_modules/.vite/deps/chunk-YFB5YCE7.js?v=28f1e096:14635:32)
    at beginWork (http://localhost:5173/node_modules/.vite/deps/chunk-YFB5YCE7.js?v=28f1e096:15972:22) @ http://localhost:5173/src/Pages/MainPage.tsx?t=1786785832504:97
[ 7004939ms] [ERROR] Failed to load resource: net::ERR_NAME_NOT_RESOLVED @ https://api.cryptocast.live/eth:0
[ 7004939ms] [ERROR] error = TypeError: Failed to fetch
    at getEthPrice (http://localhost:5173/src/Pages/MainPage.tsx?t=1786785832504:78:31)
    at fetchData (http://localhost:5173/src/Pages/MainPage.tsx?t=1786785832504:131:17)
    at http://localhost:5173/src/Pages/MainPage.tsx?t=1786785832504:160:9
    at updateMemo (http://localhost:5173/node_modules/.vite/deps/chunk-YFB5YCE7.js?v=28f1e096:12258:27)
    at Object.useMemo (http://localhost:5173/node_modules/.vite/deps/chunk-YFB5YCE7.js?v=28f1e096:12774:24)
    at useMemo (http://localhost:5173/node_modules/.vite/deps/chunk-RLJ2RCJQ.js?v=28f1e096:1094:29)
    at MainPage (http://localhost:5173/src/Pages/MainPage.tsx?t=1786785832504:159:5)
    at renderWithHooks (http://localhost:5173/node_modules/.vite/deps/chunk-YFB5YCE7.js?v=28f1e096:11596:26)
    at updateFunctionComponent (http://localhost:5173/node_modules/.vite/deps/chunk-YFB5YCE7.js?v=28f1e096:14635:32)
    at beginWork (http://localhost:5173/node_modules/.vite/deps/chunk-YFB5YCE7.js?v=28f1e096:15972:22) @ http://localhost:5173/src/Pages/MainPage.tsx?t=1786785832504:84
[ 7004939ms] [ERROR] Failed to load resource: net::ERR_NAME_NOT_RESOLVED @ https://api.cryptocast.live/volatility/btc:0
[ 7004939ms] [ERROR] error = TypeError: Failed to fetch
    at getBtcError (http://localhost:5173/src/Pages/MainPage.tsx?t=1786785832504:117:31)
    at fetchData (http://localhost:5173/src/Pages/MainPage.tsx?t=1786785832504:136:17)
    at http://localhost:5173/src/Pages/MainPage.tsx?t=1786785832504:160:9
    at updateMemo (http://localhost:5173/node_modules/.vite/deps/chunk-YFB5YCE7.js?v=28f1e096:12258:27)
    at Object.useMemo (http://localhost:5173/node_modules/.vite/deps/chunk-YFB5YCE7.js?v=28f1e096:12774:24)
    at useMemo (http://localhost:5173/node_modules/.vite/deps/chunk-RLJ2RCJQ.js?v=28f1e096:1094:29)
    at MainPage (http://localhost:5173/src/Pages/MainPage.tsx?t=1786785832504:159:5)
    at renderWithHooks (http://localhost:5173/node_modules/.vite/deps/chunk-YFB5YCE7.js?v=28f1e096:11596:26)
    at updateFunctionComponent (http://localhost:5173/node_modules/.vite/deps/chunk-YFB5YCE7.js?v=28f1e096:14635:32)
    at beginWork (http://localhost:5173/node_modules/.vite/deps/chunk-YFB5YCE7.js?v=28f1e096:15972:22) @ http://localhost:5173/src/Pages/MainPage.tsx?t=1786785832504:123
[ 7004939ms] [ERROR] Failed to load resource: net::ERR_NAME_NOT_RESOLVED @ https://api.cryptocast.live/volatility/eth:0
[ 7004939ms] [ERROR] error = TypeError: Failed to fetch
    at getEthError (http://localhost:5173/src/Pages/MainPage.tsx?t=1786785832504:104:31)
    at fetchData (http://localhost:5173/src/Pages/MainPage.tsx?t=1786785832504:135:17)
    at http://localhost:5173/src/Pages/MainPage.tsx?t=1786785832504:160:9
    at updateMemo (http://localhost:5173/node_modules/.vite/deps/chunk-YFB5YCE7.js?v=28f1e096:12258:27)
    at Object.useMemo (http://localhost:5173/node_modules/.vite/deps/chunk-YFB5YCE7.js?v=28f1e096:12774:24)
    at useMemo (http://localhost:5173/node_modules/.vite/deps/chunk-RLJ2RCJQ.js?v=28f1e096:1094:29)
    at MainPage (http://localhost:5173/src/Pages/MainPage.tsx?t=1786785832504:159:5)
    at renderWithHooks (http://localhost:5173/node_modules/.vite/deps/chunk-YFB5YCE7.js?v=28f1e096:11596:26)
    at updateFunctionComponent (http://localhost:5173/node_modules/.vite/deps/chunk-YFB5YCE7.js?v=28f1e096:14635:32)
    at beginWork (http://localhost:5173/node_modules/.vite/deps/chunk-YFB5YCE7.js?v=28f1e096:15972:22) @ http://localhost:5173/src/Pages/MainPage.tsx?t=1786785832504:110
[ 7004939ms] [ERROR] Failed to load resource: net::ERR_NAME_NOT_RESOLVED @ https://api.cryptocast.live/verify/btc:0
[ 7004939ms] [ERROR] error = TypeError: Failed to fetch
    at getBtcVerified (http://localhost:5173/src/Pages/MainPage.tsx?t=1786785832504:52:31)
    at fetchData (http://localhost:5173/src/Pages/MainPage.tsx?t=1786785832504:134:17)
    at http://localhost:5173/src/Pages/MainPage.tsx?t=1786785832504:160:9
    at updateMemo (http://localhost:5173/node_modules/.vite/deps/chunk-YFB5YCE7.js?v=28f1e096:12258:27)
    at Object.useMemo (http://localhost:5173/node_modules/.vite/deps/chunk-YFB5YCE7.js?v=28f1e096:12774:24)
    at useMemo (http://localhost:5173/node_modules/.vite/deps/chunk-RLJ2RCJQ.js?v=28f1e096:1094:29)
    at MainPage (http://localhost:5173/src/Pages/MainPage.tsx?t=1786785832504:159:5)
    at renderWithHooks (http://localhost:5173/node_modules/.vite/deps/chunk-YFB5YCE7.js?v=28f1e096:11596:26)
    at updateFunctionComponent (http://localhost:5173/node_modules/.vite/deps/chunk-YFB5YCE7.js?v=28f1e096:14635:32)
    at beginWork (http://localhost:5173/node_modules/.vite/deps/chunk-YFB5YCE7.js?v=28f1e096:15972:22) @ http://localhost:5173/src/Pages/MainPage.tsx?t=1786785832504:58
[ 7004941ms] [LOG] Container @ http://localhost:5173/src/Components/particleBakground.tsx:46
[ 7008075ms] [LOG] Container @ http://localhost:5173/src/Components/particleBakground.tsx:46
[ 7008093ms] [ERROR] error = SyntaxError: Unexpected token '<', "<!DOCTYPE "... is not valid JSON @ http://localhost:5173/src/Pages/MainPage.tsx?t=1786785835714:84
[ 7008094ms] [ERROR] error = SyntaxError: Unexpected token '<', "<!DOCTYPE "... is not valid JSON @ http://localhost:5173/src/Pages/MainPage.tsx?t=1786785835714:97
[ 7008110ms] [LOG] Container @ http://localhost:5173/src/Components/particleBakground.tsx:46
[ 7008111ms] [ERROR] error = SyntaxError: Unexpected token '<', "<!DOCTYPE "... is not valid JSON @ http://localhost:5173/src/Pages/MainPage.tsx?t=1786785835714:71
[ 7008112ms] [ERROR] error = SyntaxError: Unexpected token '<', "<!DOCTYPE "... is not valid JSON @ http://localhost:5173/src/Pages/MainPage.tsx?t=1786785835714:58
[ 7008112ms] [ERROR] error = SyntaxError: Unexpected token '<', "<!DOCTYPE "... is not valid JSON @ http://localhost:5173/src/Pages/MainPage.tsx?t=1786785835714:110
[ 7008113ms] [ERROR] error = SyntaxError: Unexpected token '<', "<!DOCTYPE "... is not valid JSON @ http://localhost:5173/src/Pages/MainPage.tsx?t=1786785835714:84
[ 7008114ms] [ERROR] error = SyntaxError: Unexpected token '<', "<!DOCTYPE "... is not valid JSON @ http://localhost:5173/src/Pages/MainPage.tsx?t=1786785835714:123
[ 7008115ms] [ERROR] error = SyntaxError: Unexpected token '<', "<!DOCTYPE "... is not valid JSON @ http://localhost:5173/src/Pages/MainPage.tsx?t=1786785835714:97
[ 7008115ms] [ERROR] error = SyntaxError: Unexpected token '<', "<!DOCTYPE "... is not valid JSON @ http://localhost:5173/src/Pages/MainPage.tsx?t=1786785835714:71
[ 7008116ms] [ERROR] error = SyntaxError: Unexpected token '<', "<!DOCTYPE "... is not valid JSON @ http://localhost:5173/src/Pages/MainPage.tsx?t=1786785835714:58
[ 7008117ms] [ERROR] error = SyntaxError: Unexpected token '<', "<!DOCTYPE "... is not valid JSON @ http://localhost:5173/src/Pages/MainPage.tsx?t=1786785835714:110
[ 7008117ms] [ERROR] error = SyntaxError: Unexpected token '<', "<!DOCTYPE "... is not valid JSON @ http://localhost:5173/src/Pages/MainPage.tsx?t=1786785835714:123
[ 7479722ms] [ERROR] Failed to load resource: net::ERR_NAME_NOT_RESOLVED @ https://api.cryptocast.live/eth:0
[ 7479722ms] [ERROR] error = TypeError: Failed to fetch
    at getEthPrice (http://localhost:5173/src/Pages/MainPage.tsx:77:31)
    at fetchData (http://localhost:5173/src/Pages/MainPage.tsx:130:17)
    at http://localhost:5173/src/Pages/MainPage.tsx:161:13 @ http://localhost:5173/src/Pages/MainPage.tsx:83
[ 7479723ms] [ERROR] Failed to load resource: net::ERR_NAME_NOT_RESOLVED @ https://api.cryptocast.live/btc:0
[ 7479723ms] [ERROR] error = TypeError: Failed to fetch
    at getBtcPrice (http://localhost:5173/src/Pages/MainPage.tsx:90:31)
    at fetchData (http://localhost:5173/src/Pages/MainPage.tsx:131:17)
    at http://localhost:5173/src/Pages/MainPage.tsx:161:13 @ http://localhost:5173/src/Pages/MainPage.tsx:96
[ 7479724ms] [ERROR] Failed to load resource: net::ERR_NAME_NOT_RESOLVED @ https://api.cryptocast.live/verify/eth:0
[ 7479724ms] [ERROR] error = TypeError: Failed to fetch
    at getEthVerified (http://localhost:5173/src/Pages/MainPage.tsx:64:31)
    at fetchData (http://localhost:5173/src/Pages/MainPage.tsx:132:17)
    at http://localhost:5173/src/Pages/MainPage.tsx:161:13 @ http://localhost:5173/src/Pages/MainPage.tsx:70
[ 7479724ms] [ERROR] Failed to load resource: net::ERR_NAME_NOT_RESOLVED @ https://api.cryptocast.live/verify/btc:0
[ 7479724ms] [ERROR] error = TypeError: Failed to fetch
    at getBtcVerified (http://localhost:5173/src/Pages/MainPage.tsx:51:31)
    at fetchData (http://localhost:5173/src/Pages/MainPage.tsx:133:17)
    at http://localhost:5173/src/Pages/MainPage.tsx:161:13 @ http://localhost:5173/src/Pages/MainPage.tsx:57
[ 7479724ms] [ERROR] Failed to load resource: net::ERR_NAME_NOT_RESOLVED @ https://api.cryptocast.live/volatility/eth:0
[ 7479724ms] [ERROR] error = TypeError: Failed to fetch
    at getEthError (http://localhost:5173/src/Pages/MainPage.tsx:103:31)
    at fetchData (http://localhost:5173/src/Pages/MainPage.tsx:134:17)
    at http://localhost:5173/src/Pages/MainPage.tsx:161:13 @ http://localhost:5173/src/Pages/MainPage.tsx:109
[ 7479724ms] [ERROR] Failed to load resource: net::ERR_NAME_NOT_RESOLVED @ https://api.cryptocast.live/volatility/btc:0
[ 7479724ms] [ERROR] error = TypeError: Failed to fetch
    at getBtcError (http://localhost:5173/src/Pages/MainPage.tsx:116:31)
    at fetchData (http://localhost:5173/src/Pages/MainPage.tsx:135:17)
    at http://localhost:5173/src/Pages/MainPage.tsx:161:13 @ http://localhost:5173/src/Pages/MainPage.tsx:122
[ 7479724ms] [ERROR] Failed to load resource: net::ERR_NAME_NOT_RESOLVED @ https://api.cryptocast.live/verify/eth:0
[ 7479724ms] [ERROR] error = TypeError: Failed to fetch
    at getEthVerified (http://localhost:5173/src/Pages/MainPage.tsx:64:31)
    at fetchData (http://localhost:5173/src/Pages/MainPage.tsx:132:17)
    at http://localhost:5173/src/Pages/MainPage.tsx:161:13 @ http://localhost:5173/src/Pages/MainPage.tsx:70
[ 7479724ms] [ERROR] Failed to load resource: net::ERR_NAME_NOT_RESOLVED @ https://api.cryptocast.live/btc:0
[ 7479724ms] [ERROR] error = TypeError: Failed to fetch
    at getBtcPrice (http://localhost:5173/src/Pages/MainPage.tsx:90:31)
    at fetchData (http://localhost:5173/src/Pages/MainPage.tsx:131:17)
    at http://localhost:5173/src/Pages/MainPage.tsx:161:13 @ http://localhost:5173/src/Pages/MainPage.tsx:96
[ 7479724ms] [ERROR] Failed to load resource: net::ERR_NAME_NOT_RESOLVED @ https://api.cryptocast.live/eth:0
[ 7479724ms] [ERROR] error = TypeError: Failed to fetch
    at getEthPrice (http://localhost:5173/src/Pages/MainPage.tsx:77:31)
    at fetchData (http://localhost:5173/src/Pages/MainPage.tsx:130:17)
    at http://localhost:5173/src/Pages/MainPage.tsx:161:13 @ http://localhost:5173/src/Pages/MainPage.tsx:83
[ 7479724ms] [ERROR] Failed to load resource: net::ERR_NAME_NOT_RESOLVED @ https://api.cryptocast.live/volatility/btc:0
[ 7479724ms] [ERROR] error = TypeError: Failed to fetch
    at getBtcError (http://localhost:5173/src/Pages/MainPage.tsx:116:31)
    at fetchData (http://localhost:5173/src/Pages/MainPage.tsx:135:17)
    at http://localhost:5173/src/Pages/MainPage.tsx:161:13 @ http://localhost:5173/src/Pages/MainPage.tsx:122
[ 7479724ms] [ERROR] Failed to load resource: net::ERR_NAME_NOT_RESOLVED @ https://api.cryptocast.live/volatility/eth:0
[ 7479724ms] [ERROR] error = TypeError: Failed to fetch
    at getEthError (http://localhost:5173/src/Pages/MainPage.tsx:103:31)
    at fetchData (http://localhost:5173/src/Pages/MainPage.tsx:134:17)
    at http://localhost:5173/src/Pages/MainPage.tsx:161:13 @ http://localhost:5173/src/Pages/MainPage.tsx:109
[ 7479724ms] [ERROR] Failed to load resource: net::ERR_NAME_NOT_RESOLVED @ https://api.cryptocast.live/verify/btc:0
[ 7479724ms] [ERROR] error = TypeError: Failed to fetch
    at getBtcVerified (http://localhost:5173/src/Pages/MainPage.tsx:51:31)
    at fetchData (http://localhost:5173/src/Pages/MainPage.tsx:133:17)
    at http://localhost:5173/src/Pages/MainPage.tsx:161:13 @ http://localhost:5173/src/Pages/MainPage.tsx:57
[ 7479748ms] [LOG] Container @ http://localhost:5173/src/Components/particleBakground.tsx:46
[ 7604928ms] [ERROR] Failed to load resource: net::ERR_NAME_NOT_RESOLVED @ https://api.cryptocast.live/eth:0
[ 7604928ms] [ERROR] error = TypeError: Failed to fetch
    at getEthPrice (http://localhost:5173/src/Pages/MainPage.tsx?t=1786785832504:78:31)
    at fetchData (http://localhost:5173/src/Pages/MainPage.tsx?t=1786785832504:131:17)
    at http://localhost:5173/src/Pages/MainPage.tsx?t=1786785832504:162:13 @ http://localhost:5173/src/Pages/MainPage.tsx?t=1786785832504:84
[ 7604929ms] [ERROR] Failed to load resource: net::ERR_NAME_NOT_RESOLVED @ https://api.cryptocast.live/btc:0
[ 7604929ms] [ERROR] error = TypeError: Failed to fetch
    at getBtcPrice (http://localhost:5173/src/Pages/MainPage.tsx?t=1786785832504:91:31)
    at fetchData (http://localhost:5173/src/Pages/MainPage.tsx?t=1786785832504:132:17)
    at http://localhost:5173/src/Pages/MainPage.tsx?t=1786785832504:162:13 @ http://localhost:5173/src/Pages/MainPage.tsx?t=1786785832504:97
[ 7604929ms] [ERROR] Failed to load resource: net::ERR_NAME_NOT_RESOLVED @ https://api.cryptocast.live/verify/eth:0
[ 7604929ms] [ERROR] error = TypeError: Failed to fetch
    at getEthVerified (http://localhost:5173/src/Pages/MainPage.tsx?t=1786785832504:65:31)
    at fetchData (http://localhost:5173/src/Pages/MainPage.tsx?t=1786785832504:133:17)
    at http://localhost:5173/src/Pages/MainPage.tsx?t=1786785832504:162:13 @ http://localhost:5173/src/Pages/MainPage.tsx?t=1786785832504:71
[ 7604929ms] [ERROR] Failed to load resource: net::ERR_NAME_NOT_RESOLVED @ https://api.cryptocast.live/verify/btc:0
[ 7604929ms] [ERROR] error = TypeError: Failed to fetch
    at getBtcVerified (http://localhost:5173/src/Pages/MainPage.tsx?t=1786785832504:52:31)
    at fetchData (http://localhost:5173/src/Pages/MainPage.tsx?t=1786785832504:134:17)
    at http://localhost:5173/src/Pages/MainPage.tsx?t=1786785832504:162:13 @ http://localhost:5173/src/Pages/MainPage.tsx?t=1786785832504:58
[ 7604929ms] [ERROR] Failed to load resource: net::ERR_NAME_NOT_RESOLVED @ https://api.cryptocast.live/volatility/eth:0
[ 7604929ms] [ERROR] error = TypeError: Failed to fetch
    at getEthError (http://localhost:5173/src/Pages/MainPage.tsx?t=1786785832504:104:31)
    at fetchData (http://localhost:5173/src/Pages/MainPage.tsx?t=1786785832504:135:17)
    at http://localhost:5173/src/Pages/MainPage.tsx?t=1786785832504:162:13 @ http://localhost:5173/src/Pages/MainPage.tsx?t=1786785832504:110
[ 7604929ms] [ERROR] Failed to load resource: net::ERR_NAME_NOT_RESOLVED @ https://api.cryptocast.live/volatility/btc:0
[ 7604929ms] [ERROR] error = TypeError: Failed to fetch
    at getBtcError (http://localhost:5173/src/Pages/MainPage.tsx?t=1786785832504:117:31)
    at fetchData (http://localhost:5173/src/Pages/MainPage.tsx?t=1786785832504:136:17)
    at http://localhost:5173/src/Pages/MainPage.tsx?t=1786785832504:162:13 @ http://localhost:5173/src/Pages/MainPage.tsx?t=1786785832504:123
[ 7604929ms] [ERROR] Failed to load resource: net::ERR_NAME_NOT_RESOLVED @ https://api.cryptocast.live/verify/eth:0
[ 7604929ms] [ERROR] error = TypeError: Failed to fetch
    at getEthVerified (http://localhost:5173/src/Pages/MainPage.tsx?t=1786785832504:65:31)
    at fetchData (http://localhost:5173/src/Pages/MainPage.tsx?t=1786785832504:133:17)
    at http://localhost:5173/src/Pages/MainPage.tsx?t=1786785832504:162:13 @ http://localhost:5173/src/Pages/MainPage.tsx?t=1786785832504:71
[ 7604930ms] [ERROR] Failed to load resource: net::ERR_NAME_NOT_RESOLVED @ https://api.cryptocast.live/btc:0
[ 7604930ms] [ERROR] error = TypeError: Failed to fetch
    at getBtcPrice (http://localhost:5173/src/Pages/MainPage.tsx?t=1786785832504:91:31)
    at fetchData (http://localhost:5173/src/Pages/MainPage.tsx?t=1786785832504:132:17)
    at http://localhost:5173/src/Pages/MainPage.tsx?t=1786785832504:162:13 @ http://localhost:5173/src/Pages/MainPage.tsx?t=1786785832504:97
[ 7604930ms] [ERROR] Failed to load resource: net::ERR_NAME_NOT_RESOLVED @ https://api.cryptocast.live/eth:0
[ 7604930ms] [ERROR] error = TypeError: Failed to fetch
    at getEthPrice (http://localhost:5173/src/Pages/MainPage.tsx?t=1786785832504:78:31)
    at fetchData (http://localhost:5173/src/Pages/MainPage.tsx?t=1786785832504:131:17)
    at http://localhost:5173/src/Pages/MainPage.tsx?t=1786785832504:162:13 @ http://localhost:5173/src/Pages/MainPage.tsx?t=1786785832504:84
[ 7604930ms] [ERROR] Failed to load resource: net::ERR_NAME_NOT_RESOLVED @ https://api.cryptocast.live/volatility/btc:0
[ 7604930ms] [ERROR] error = TypeError: Failed to fetch
    at getBtcError (http://localhost:5173/src/Pages/MainPage.tsx?t=1786785832504:117:31)
    at fetchData (http://localhost:5173/src/Pages/MainPage.tsx?t=1786785832504:136:17)
    at http://localhost:5173/src/Pages/MainPage.tsx?t=1786785832504:162:13 @ http://localhost:5173/src/Pages/MainPage.tsx?t=1786785832504:123
[ 7604930ms] [ERROR] Failed to load resource: net::ERR_NAME_NOT_RESOLVED @ https://api.cryptocast.live/volatility/eth:0
[ 7604930ms] [ERROR] error = TypeError: Failed to fetch
    at getEthError (http://localhost:5173/src/Pages/MainPage.tsx?t=1786785832504:104:31)
    at fetchData (http://localhost:5173/src/Pages/MainPage.tsx?t=1786785832504:135:17)
    at http://localhost:5173/src/Pages/MainPage.tsx?t=1786785832504:162:13 @ http://localhost:5173/src/Pages/MainPage.tsx?t=1786785832504:110
[ 7604930ms] [ERROR] Failed to load resource: net::ERR_NAME_NOT_RESOLVED @ https://api.cryptocast.live/verify/btc:0
[ 7604930ms] [ERROR] error = TypeError: Failed to fetch
    at getBtcVerified (http://localhost:5173/src/Pages/MainPage.tsx?t=1786785832504:52:31)
    at fetchData (http://localhost:5173/src/Pages/MainPage.tsx?t=1786785832504:134:17)
    at http://localhost:5173/src/Pages/MainPage.tsx?t=1786785832504:162:13 @ http://localhost:5173/src/Pages/MainPage.tsx?t=1786785832504:58
[ 7608091ms] [ERROR] error = SyntaxError: Unexpected token '<', "<!DOCTYPE "... is not valid JSON @ http://localhost:5173/src/Pages/MainPage.tsx?t=1786785835714:97
[ 7608092ms] [ERROR] error = SyntaxError: Unexpected token '<', "<!DOCTYPE "... is not valid JSON @ http://localhost:5173/src/Pages/MainPage.tsx?t=1786785835714:71
[ 7608093ms] [ERROR] error = SyntaxError: Unexpected token '<', "<!DOCTYPE "... is not valid JSON @ http://localhost:5173/src/Pages/MainPage.tsx?t=1786785835714:58
[ 7608093ms] [ERROR] error = SyntaxError: Unexpected token '<', "<!DOCTYPE "... is not valid JSON @ http://localhost:5173/src/Pages/MainPage.tsx?t=1786785835714:123
[ 7608103ms] [ERROR] error = SyntaxError: Unexpected token '<', "<!DOCTYPE "... is not valid JSON @ http://localhost:5173/src/Pages/MainPage.tsx?t=1786785835714:84
[ 7608103ms] [ERROR] error = SyntaxError: Unexpected token '<', "<!DOCTYPE "... is not valid JSON @ http://localhost:5173/src/Pages/MainPage.tsx?t=1786785835714:110
[ 7608104ms] [LOG] Container @ http://localhost:5173/src/Components/particleBakground.tsx:46
[ 7608104ms] [ERROR] error = SyntaxError: Unexpected token '<', "<!DOCTYPE "... is not valid JSON @ http://localhost:5173/src/Pages/MainPage.tsx?t=1786785835714:97
[ 7608104ms] [ERROR] error = SyntaxError: Unexpected token '<', "<!DOCTYPE "... is not valid JSON @ http://localhost:5173/src/Pages/MainPage.tsx?t=1786785835714:58
[ 7608105ms] [ERROR] error = SyntaxError: Unexpected token '<', "<!DOCTYPE "... is not valid JSON @ http://localhost:5173/src/Pages/MainPage.tsx?t=1786785835714:71
[ 7608105ms] [ERROR] error = SyntaxError: Unexpected token '<', "<!DOCTYPE "... is not valid JSON @ http://localhost:5173/src/Pages/MainPage.tsx?t=1786785835714:123
[ 7608105ms] [ERROR] error = SyntaxError: Unexpected token '<', "<!DOCTYPE "... is not valid JSON @ http://localhost:5173/src/Pages/MainPage.tsx?t=1786785835714:84
[ 7608105ms] [ERROR] error = SyntaxError: Unexpected token '<', "<!DOCTYPE "... is not valid JSON @ http://localhost:5173/src/Pages/MainPage.tsx?t=1786785835714:110
[ 8079653ms] [ERROR] Failed to load resource: net::ERR_NAME_NOT_RESOLVED @ https://api.cryptocast.live/eth:0
[ 8079653ms] [ERROR] error = TypeError: Failed to fetch
    at getEthPrice (http://localhost:5173/src/Pages/MainPage.tsx:77:31)
    at fetchData (http://localhost:5173/src/Pages/MainPage.tsx:130:17)
    at http://localhost:5173/src/Pages/MainPage.tsx:161:13 @ http://localhost:5173/src/Pages/MainPage.tsx:83
[ 8079657ms] [ERROR] Failed to load resource: net::ERR_NAME_NOT_RESOLVED @ https://api.cryptocast.live/btc:0
[ 8079657ms] [ERROR] error = TypeError: Failed to fetch
    at getBtcPrice (http://localhost:5173/src/Pages/MainPage.tsx:90:31)
    at fetchData (http://localhost:5173/src/Pages/MainPage.tsx:131:17)
    at http://localhost:5173/src/Pages/MainPage.tsx:161:13 @ http://localhost:5173/src/Pages/MainPage.tsx:96
[ 8079657ms] [ERROR] Failed to load resource: net::ERR_NAME_NOT_RESOLVED @ https://api.cryptocast.live/verify/eth:0
[ 8079657ms] [ERROR] error = TypeError: Failed to fetch
    at getEthVerified (http://localhost:5173/src/Pages/MainPage.tsx:64:31)
    at fetchData (http://localhost:5173/src/Pages/MainPage.tsx:132:17)
    at http://localhost:5173/src/Pages/MainPage.tsx:161:13 @ http://localhost:5173/src/Pages/MainPage.tsx:70
[ 8079657ms] [ERROR] Failed to load resource: net::ERR_NAME_NOT_RESOLVED @ https://api.cryptocast.live/verify/btc:0
[ 8079657ms] [ERROR] error = TypeError: Failed to fetch
    at getBtcVerified (http://localhost:5173/src/Pages/MainPage.tsx:51:31)
    at fetchData (http://localhost:5173/src/Pages/MainPage.tsx:133:17)
    at http://localhost:5173/src/Pages/MainPage.tsx:161:13 @ http://localhost:5173/src/Pages/MainPage.tsx:57
[ 8079657ms] [ERROR] Failed to load resource: net::ERR_NAME_NOT_RESOLVED @ https://api.cryptocast.live/volatility/eth:0
[ 8079657ms] [ERROR] error = TypeError: Failed to fetch
    at getEthError (http://localhost:5173/src/Pages/MainPage.tsx:103:31)
    at fetchData (http://localhost:5173/src/Pages/MainPage.tsx:134:17)
    at http://localhost:5173/src/Pages/MainPage.tsx:161:13 @ http://localhost:5173/src/Pages/MainPage.tsx:109
[ 8079657ms] [ERROR] Failed to load resource: net::ERR_NAME_NOT_RESOLVED @ https://api.cryptocast.live/volatility/btc:0
[ 8079657ms] [ERROR] error = TypeError: Failed to fetch
    at getBtcError (http://localhost:5173/src/Pages/MainPage.tsx:116:31)
    at fetchData (http://localhost:5173/src/Pages/MainPage.tsx:135:17)
    at http://localhost:5173/src/Pages/MainPage.tsx:161:13 @ http://localhost:5173/src/Pages/MainPage.tsx:122
[ 8079658ms] [ERROR] Failed to load resource: net::ERR_NAME_NOT_RESOLVED @ https://api.cryptocast.live/verify/eth:0
[ 8079658ms] [ERROR] error = TypeError: Failed to fetch
    at getEthVerified (http://localhost:5173/src/Pages/MainPage.tsx:64:31)
    at fetchData (http://localhost:5173/src/Pages/MainPage.tsx:132:17)
    at http://localhost:5173/src/Pages/MainPage.tsx:161:13 @ http://localhost:5173/src/Pages/MainPage.tsx:70
[ 8079658ms] [ERROR] Failed to load resource: net::ERR_NAME_NOT_RESOLVED @ https://api.cryptocast.live/btc:0
[ 8079658ms] [ERROR] error = TypeError: Failed to fetch
    at getBtcPrice (http://localhost:5173/src/Pages/MainPage.tsx:90:31)
    at fetchData (http://localhost:5173/src/Pages/MainPage.tsx:131:17)
    at http://localhost:5173/src/Pages/MainPage.tsx:161:13 @ http://localhost:5173/src/Pages/MainPage.tsx:96
[ 8079658ms] [ERROR] Failed to load resource: net::ERR_NAME_NOT_RESOLVED @ https://api.cryptocast.live/eth:0
[ 8079658ms] [ERROR] error = TypeError: Failed to fetch
    at getEthPrice (http://localhost:5173/src/Pages/MainPage.tsx:77:31)
    at fetchData (http://localhost:5173/src/Pages/MainPage.tsx:130:17)
    at http://localhost:5173/src/Pages/MainPage.tsx:161:13 @ http://localhost:5173/src/Pages/MainPage.tsx:83
[ 8079658ms] [ERROR] Failed to load resource: net::ERR_NAME_NOT_RESOLVED @ https://api.cryptocast.live/volatility/btc:0
[ 8079658ms] [ERROR] error = TypeError: Failed to fetch
    at getBtcError (http://localhost:5173/src/Pages/MainPage.tsx:116:31)
    at fetchData (http://localhost:5173/src/Pages/MainPage.tsx:135:17)
    at http://localhost:5173/src/Pages/MainPage.tsx:161:13 @ http://localhost:5173/src/Pages/MainPage.tsx:122
[ 8079658ms] [ERROR] Failed to load resource: net::ERR_NAME_NOT_RESOLVED @ https://api.cryptocast.live/volatility/eth:0
[ 8079658ms] [ERROR] error = TypeError: Failed to fetch
    at getEthError (http://localhost:5173/src/Pages/MainPage.tsx:103:31)
    at fetchData (http://localhost:5173/src/Pages/MainPage.tsx:134:17)
    at http://localhost:5173/src/Pages/MainPage.tsx:161:13 @ http://localhost:5173/src/Pages/MainPage.tsx:109
[ 8079658ms] [ERROR] Failed to load resource: net::ERR_NAME_NOT_RESOLVED @ https://api.cryptocast.live/verify/btc:0
[ 8079658ms] [ERROR] error = TypeError: Failed to fetch
    at getBtcVerified (http://localhost:5173/src/Pages/MainPage.tsx:51:31)
    at fetchData (http://localhost:5173/src/Pages/MainPage.tsx:133:17)
    at http://localhost:5173/src/Pages/MainPage.tsx:161:13 @ http://localhost:5173/src/Pages/MainPage.tsx:57
[ 8079680ms] [LOG] Container @ http://localhost:5173/src/Components/particleBakground.tsx:46
[ 8205216ms] [ERROR] Failed to load resource: net::ERR_NAME_NOT_RESOLVED @ https://api.cryptocast.live/eth:0
[ 8205216ms] [ERROR] error = TypeError: Failed to fetch
    at getEthPrice (http://localhost:5173/src/Pages/MainPage.tsx?t=1786785832504:78:31)
    at fetchData (http://localhost:5173/src/Pages/MainPage.tsx?t=1786785832504:131:17)
    at http://localhost:5173/src/Pages/MainPage.tsx?t=1786785832504:162:13 @ http://localhost:5173/src/Pages/MainPage.tsx?t=1786785832504:84
[ 8205217ms] [ERROR] Failed to load resource: net::ERR_NAME_NOT_RESOLVED @ https://api.cryptocast.live/btc:0
[ 8205217ms] [ERROR] error = TypeError: Failed to fetch
    at getBtcPrice (http://localhost:5173/src/Pages/MainPage.tsx?t=1786785832504:91:31)
    at fetchData (http://localhost:5173/src/Pages/MainPage.tsx?t=1786785832504:132:17)
    at http://localhost:5173/src/Pages/MainPage.tsx?t=1786785832504:162:13 @ http://localhost:5173/src/Pages/MainPage.tsx?t=1786785832504:97
[ 8205218ms] [ERROR] Failed to load resource: net::ERR_NAME_NOT_RESOLVED @ https://api.cryptocast.live/verify/eth:0
[ 8205218ms] [ERROR] error = TypeError: Failed to fetch
    at getEthVerified (http://localhost:5173/src/Pages/MainPage.tsx?t=1786785832504:65:31)
    at fetchData (http://localhost:5173/src/Pages/MainPage.tsx?t=1786785832504:133:17)
    at http://localhost:5173/src/Pages/MainPage.tsx?t=1786785832504:162:13 @ http://localhost:5173/src/Pages/MainPage.tsx?t=1786785832504:71
[ 8205218ms] [ERROR] Failed to load resource: net::ERR_NAME_NOT_RESOLVED @ https://api.cryptocast.live/verify/btc:0
[ 8205218ms] [ERROR] error = TypeError: Failed to fetch
    at getBtcVerified (http://localhost:5173/src/Pages/MainPage.tsx?t=1786785832504:52:31)
    at fetchData (http://localhost:5173/src/Pages/MainPage.tsx?t=1786785832504:134:17)
    at http://localhost:5173/src/Pages/MainPage.tsx?t=1786785832504:162:13 @ http://localhost:5173/src/Pages/MainPage.tsx?t=1786785832504:58
[ 8205218ms] [ERROR] Failed to load resource: net::ERR_NAME_NOT_RESOLVED @ https://api.cryptocast.live/volatility/eth:0
[ 8205218ms] [ERROR] error = TypeError: Failed to fetch
    at getEthError (http://localhost:5173/src/Pages/MainPage.tsx?t=1786785832504:104:31)
    at fetchData (http://localhost:5173/src/Pages/MainPage.tsx?t=1786785832504:135:17)
    at http://localhost:5173/src/Pages/MainPage.tsx?t=1786785832504:162:13 @ http://localhost:5173/src/Pages/MainPage.tsx?t=1786785832504:110
[ 8205218ms] [ERROR] Failed to load resource: net::ERR_NAME_NOT_RESOLVED @ https://api.cryptocast.live/volatility/btc:0
[ 8205218ms] [ERROR] error = TypeError: Failed to fetch
    at getBtcError (http://localhost:5173/src/Pages/MainPage.tsx?t=1786785832504:117:31)
    at fetchData (http://localhost:5173/src/Pages/MainPage.tsx?t=1786785832504:136:17)
    at http://localhost:5173/src/Pages/MainPage.tsx?t=1786785832504:162:13 @ http://localhost:5173/src/Pages/MainPage.tsx?t=1786785832504:123
[ 8205219ms] [ERROR] Failed to load resource: net::ERR_NAME_NOT_RESOLVED @ https://api.cryptocast.live/verify/eth:0
[ 8205220ms] [ERROR] error = TypeError: Failed to fetch
    at getEthVerified (http://localhost:5173/src/Pages/MainPage.tsx?t=1786785832504:65:31)
    at fetchData (http://localhost:5173/src/Pages/MainPage.tsx?t=1786785832504:133:17)
    at http://localhost:5173/src/Pages/MainPage.tsx?t=1786785832504:162:13 @ http://localhost:5173/src/Pages/MainPage.tsx?t=1786785832504:71
[ 8205220ms] [ERROR] Failed to load resource: net::ERR_NAME_NOT_RESOLVED @ https://api.cryptocast.live/btc:0
[ 8205220ms] [ERROR] error = TypeError: Failed to fetch
    at getBtcPrice (http://localhost:5173/src/Pages/MainPage.tsx?t=1786785832504:91:31)
    at fetchData (http://localhost:5173/src/Pages/MainPage.tsx?t=1786785832504:132:17)
    at http://localhost:5173/src/Pages/MainPage.tsx?t=1786785832504:162:13 @ http://localhost:5173/src/Pages/MainPage.tsx?t=1786785832504:97
[ 8205220ms] [ERROR] Failed to load resource: net::ERR_NAME_NOT_RESOLVED @ https://api.cryptocast.live/eth:0
[ 8205220ms] [ERROR] error = TypeError: Failed to fetch
    at getEthPrice (http://localhost:5173/src/Pages/MainPage.tsx?t=1786785832504:78:31)
    at fetchData (http://localhost:5173/src/Pages/MainPage.tsx?t=1786785832504:131:17)
    at http://localhost:5173/src/Pages/MainPage.tsx?t=1786785832504:162:13 @ http://localhost:5173/src/Pages/MainPage.tsx?t=1786785832504:84
[ 8205220ms] [ERROR] Failed to load resource: net::ERR_NAME_NOT_RESOLVED @ https://api.cryptocast.live/volatility/btc:0
[ 8205220ms] [ERROR] error = TypeError: Failed to fetch
    at getBtcError (http://localhost:5173/src/Pages/MainPage.tsx?t=1786785832504:117:31)
    at fetchData (http://localhost:5173/src/Pages/MainPage.tsx?t=1786785832504:136:17)
    at http://localhost:5173/src/Pages/MainPage.tsx?t=1786785832504:162:13 @ http://localhost:5173/src/Pages/MainPage.tsx?t=1786785832504:123
[ 8205220ms] [ERROR] Failed to load resource: net::ERR_NAME_NOT_RESOLVED @ https://api.cryptocast.live/volatility/eth:0
[ 8205220ms] [ERROR] error = TypeError: Failed to fetch
    at getEthError (http://localhost:5173/src/Pages/MainPage.tsx?t=1786785832504:104:31)
    at fetchData (http://localhost:5173/src/Pages/MainPage.tsx?t=1786785832504:135:17)
    at http://localhost:5173/src/Pages/MainPage.tsx?t=1786785832504:162:13 @ http://localhost:5173/src/Pages/MainPage.tsx?t=1786785832504:110
[ 8205221ms] [ERROR] Failed to load resource: net::ERR_NAME_NOT_RESOLVED @ https://api.cryptocast.live/verify/btc:0
[ 8205221ms] [ERROR] error = TypeError: Failed to fetch
    at getBtcVerified (http://localhost:5173/src/Pages/MainPage.tsx?t=1786785832504:52:31)
    at fetchData (http://localhost:5173/src/Pages/MainPage.tsx?t=1786785832504:134:17)
    at http://localhost:5173/src/Pages/MainPage.tsx?t=1786785832504:162:13 @ http://localhost:5173/src/Pages/MainPage.tsx?t=1786785832504:58
[ 8208087ms] [ERROR] error = SyntaxError: Unexpected token '<', "<!DOCTYPE "... is not valid JSON @ http://localhost:5173/src/Pages/MainPage.tsx?t=1786785835714:84
[ 8208087ms] [ERROR] error = SyntaxError: Unexpected token '<', "<!DOCTYPE "... is not valid JSON @ http://localhost:5173/src/Pages/MainPage.tsx?t=1786785835714:97
[ 8208092ms] [ERROR] error = SyntaxError: Unexpected token '<', "<!DOCTYPE "... is not valid JSON @ http://localhost:5173/src/Pages/MainPage.tsx?t=1786785835714:71
[ 8208093ms] [LOG] Container @ http://localhost:5173/src/Components/particleBakground.tsx:46
[ 8208093ms] [ERROR] error = SyntaxError: Unexpected token '<', "<!DOCTYPE "... is not valid JSON @ http://localhost:5173/src/Pages/MainPage.tsx?t=1786785835714:58
[ 8208093ms] [ERROR] error = SyntaxError: Unexpected token '<', "<!DOCTYPE "... is not valid JSON @ http://localhost:5173/src/Pages/MainPage.tsx?t=1786785835714:110
[ 8208094ms] [ERROR] error = SyntaxError: Unexpected token '<', "<!DOCTYPE "... is not valid JSON @ http://localhost:5173/src/Pages/MainPage.tsx?t=1786785835714:123
[ 8208094ms] [ERROR] error = SyntaxError: Unexpected token '<', "<!DOCTYPE "... is not valid JSON @ http://localhost:5173/src/Pages/MainPage.tsx?t=1786785835714:97
[ 8208094ms] [ERROR] error = SyntaxError: Unexpected token '<', "<!DOCTYPE "... is not valid JSON @ http://localhost:5173/src/Pages/MainPage.tsx?t=1786785835714:84
[ 8208098ms] [ERROR] error = SyntaxError: Unexpected token '<', "<!DOCTYPE "... is not valid JSON @ http://localhost:5173/src/Pages/MainPage.tsx?t=1786785835714:71
[ 8208099ms] [ERROR] error = SyntaxError: Unexpected token '<', "<!DOCTYPE "... is not valid JSON @ http://localhost:5173/src/Pages/MainPage.tsx?t=1786785835714:58
[ 8208101ms] [ERROR] error = SyntaxError: Unexpected token '<', "<!DOCTYPE "... is not valid JSON @ http://localhost:5173/src/Pages/MainPage.tsx?t=1786785835714:110
[ 8208102ms] [ERROR] error = SyntaxError: Unexpected token '<', "<!DOCTYPE "... is not valid JSON @ http://localhost:5173/src/Pages/MainPage.tsx?t=1786785835714:123
[ 8679645ms] [ERROR] Failed to load resource: net::ERR_NAME_NOT_RESOLVED @ https://api.cryptocast.live/eth:0
[ 8679645ms] [ERROR] error = TypeError: Failed to fetch
    at getEthPrice (http://localhost:5173/src/Pages/MainPage.tsx:77:31)
    at fetchData (http://localhost:5173/src/Pages/MainPage.tsx:130:17)
    at http://localhost:5173/src/Pages/MainPage.tsx:161:13 @ http://localhost:5173/src/Pages/MainPage.tsx:83
[ 8679652ms] [ERROR] Failed to load resource: net::ERR_NAME_NOT_RESOLVED @ https://api.cryptocast.live/btc:0
[ 8679652ms] [ERROR] error = TypeError: Failed to fetch
    at getBtcPrice (http://localhost:5173/src/Pages/MainPage.tsx:90:31)
    at fetchData (http://localhost:5173/src/Pages/MainPage.tsx:131:17)
    at http://localhost:5173/src/Pages/MainPage.tsx:161:13 @ http://localhost:5173/src/Pages/MainPage.tsx:96
[ 8679652ms] [ERROR] Failed to load resource: net::ERR_NAME_NOT_RESOLVED @ https://api.cryptocast.live/verify/eth:0
[ 8679652ms] [ERROR] error = TypeError: Failed to fetch
    at getEthVerified (http://localhost:5173/src/Pages/MainPage.tsx:64:31)
    at fetchData (http://localhost:5173/src/Pages/MainPage.tsx:132:17)
    at http://localhost:5173/src/Pages/MainPage.tsx:161:13 @ http://localhost:5173/src/Pages/MainPage.tsx:70
[ 8679652ms] [ERROR] Failed to load resource: net::ERR_NAME_NOT_RESOLVED @ https://api.cryptocast.live/verify/btc:0
[ 8679652ms] [ERROR] error = TypeError: Failed to fetch
    at getBtcVerified (http://localhost:5173/src/Pages/MainPage.tsx:51:31)
    at fetchData (http://localhost:5173/src/Pages/MainPage.tsx:133:17)
    at http://localhost:5173/src/Pages/MainPage.tsx:161:13 @ http://localhost:5173/src/Pages/MainPage.tsx:57
[ 8679652ms] [ERROR] Failed to load resource: net::ERR_NAME_NOT_RESOLVED @ https://api.cryptocast.live/volatility/eth:0
[ 8679652ms] [ERROR] error = TypeError: Failed to fetch
    at getEthError (http://localhost:5173/src/Pages/MainPage.tsx:103:31)
    at fetchData (http://localhost:5173/src/Pages/MainPage.tsx:134:17)
    at http://localhost:5173/src/Pages/MainPage.tsx:161:13 @ http://localhost:5173/src/Pages/MainPage.tsx:109
[ 8679652ms] [ERROR] Failed to load resource: net::ERR_NAME_NOT_RESOLVED @ https://api.cryptocast.live/volatility/btc:0
[ 8679652ms] [ERROR] error = TypeError: Failed to fetch
    at getBtcError (http://localhost:5173/src/Pages/MainPage.tsx:116:31)
    at fetchData (http://localhost:5173/src/Pages/MainPage.tsx:135:17)
    at http://localhost:5173/src/Pages/MainPage.tsx:161:13 @ http://localhost:5173/src/Pages/MainPage.tsx:122
[ 8679652ms] [ERROR] Failed to load resource: net::ERR_NAME_NOT_RESOLVED @ https://api.cryptocast.live/verify/eth:0
[ 8679652ms] [ERROR] error = TypeError: Failed to fetch
    at getEthVerified (http://localhost:5173/src/Pages/MainPage.tsx:64:31)
    at fetchData (http://localhost:5173/src/Pages/MainPage.tsx:132:17)
    at http://localhost:5173/src/Pages/MainPage.tsx:161:13 @ http://localhost:5173/src/Pages/MainPage.tsx:70
[ 8679652ms] [ERROR] Failed to load resource: net::ERR_NAME_NOT_RESOLVED @ https://api.cryptocast.live/btc:0
[ 8679652ms] [ERROR] error = TypeError: Failed to fetch
    at getBtcPrice (http://localhost:5173/src/Pages/MainPage.tsx:90:31)
    at fetchData (http://localhost:5173/src/Pages/MainPage.tsx:131:17)
    at http://localhost:5173/src/Pages/MainPage.tsx:161:13 @ http://localhost:5173/src/Pages/MainPage.tsx:96
[ 8679652ms] [ERROR] Failed to load resource: net::ERR_NAME_NOT_RESOLVED @ https://api.cryptocast.live/eth:0
[ 8679652ms] [ERROR] error = TypeError: Failed to fetch
    at getEthPrice (http://localhost:5173/src/Pages/MainPage.tsx:77:31)
    at fetchData (http://localhost:5173/src/Pages/MainPage.tsx:130:17)
    at http://localhost:5173/src/Pages/MainPage.tsx:161:13 @ http://localhost:5173/src/Pages/MainPage.tsx:83
[ 8679653ms] [ERROR] Failed to load resource: net::ERR_NAME_NOT_RESOLVED @ https://api.cryptocast.live/volatility/btc:0
[ 8679653ms] [ERROR] error = TypeError: Failed to fetch
    at getBtcError (http://localhost:5173/src/Pages/MainPage.tsx:116:31)
    at fetchData (http://localhost:5173/src/Pages/MainPage.tsx:135:17)
    at http://localhost:5173/src/Pages/MainPage.tsx:161:13 @ http://localhost:5173/src/Pages/MainPage.tsx:122
[ 8679653ms] [ERROR] Failed to load resource: net::ERR_NAME_NOT_RESOLVED @ https://api.cryptocast.live/volatility/eth:0
[ 8679653ms] [ERROR] error = TypeError: Failed to fetch
    at getEthError (http://localhost:5173/src/Pages/MainPage.tsx:103:31)
    at fetchData (http://localhost:5173/src/Pages/MainPage.tsx:134:17)
    at http://localhost:5173/src/Pages/MainPage.tsx:161:13 @ http://localhost:5173/src/Pages/MainPage.tsx:109
[ 8679653ms] [ERROR] Failed to load resource: net::ERR_NAME_NOT_RESOLVED @ https://api.cryptocast.live/verify/btc:0
[ 8679653ms] [ERROR] error = TypeError: Failed to fetch
    at getBtcVerified (http://localhost:5173/src/Pages/MainPage.tsx:51:31)
    at fetchData (http://localhost:5173/src/Pages/MainPage.tsx:133:17)
    at http://localhost:5173/src/Pages/MainPage.tsx:161:13 @ http://localhost:5173/src/Pages/MainPage.tsx:57
[ 8679674ms] [LOG] Container @ http://localhost:5173/src/Components/particleBakground.tsx:46
[ 8804916ms] [ERROR] Failed to load resource: net::ERR_NAME_NOT_RESOLVED @ https://api.cryptocast.live/eth:0
[ 8804916ms] [ERROR] error = TypeError: Failed to fetch
    at getEthPrice (http://localhost:5173/src/Pages/MainPage.tsx?t=1786785832504:78:31)
    at fetchData (http://localhost:5173/src/Pages/MainPage.tsx?t=1786785832504:131:17)
    at http://localhost:5173/src/Pages/MainPage.tsx?t=1786785832504:162:13 @ http://localhost:5173/src/Pages/MainPage.tsx?t=1786785832504:84
[ 8804917ms] [ERROR] Failed to load resource: net::ERR_NAME_NOT_RESOLVED @ https://api.cryptocast.live/btc:0
[ 8804917ms] [ERROR] error = TypeError: Failed to fetch
    at getBtcPrice (http://localhost:5173/src/Pages/MainPage.tsx?t=1786785832504:91:31)
    at fetchData (http://localhost:5173/src/Pages/MainPage.tsx?t=1786785832504:132:17)
    at http://localhost:5173/src/Pages/MainPage.tsx?t=1786785832504:162:13 @ http://localhost:5173/src/Pages/MainPage.tsx?t=1786785832504:97
[ 8804917ms] [ERROR] Failed to load resource: net::ERR_NAME_NOT_RESOLVED @ https://api.cryptocast.live/verify/eth:0
[ 8804917ms] [ERROR] error = TypeError: Failed to fetch
    at getEthVerified (http://localhost:5173/src/Pages/MainPage.tsx?t=1786785832504:65:31)
    at fetchData (http://localhost:5173/src/Pages/MainPage.tsx?t=1786785832504:133:17)
    at http://localhost:5173/src/Pages/MainPage.tsx?t=1786785832504:162:13 @ http://localhost:5173/src/Pages/MainPage.tsx?t=1786785832504:71
[ 8804917ms] [ERROR] Failed to load resource: net::ERR_NAME_NOT_RESOLVED @ https://api.cryptocast.live/verify/btc:0
[ 8804917ms] [ERROR] error = TypeError: Failed to fetch
    at getBtcVerified (http://localhost:5173/src/Pages/MainPage.tsx?t=1786785832504:52:31)
    at fetchData (http://localhost:5173/src/Pages/MainPage.tsx?t=1786785832504:134:17)
    at http://localhost:5173/src/Pages/MainPage.tsx?t=1786785832504:162:13 @ http://localhost:5173/src/Pages/MainPage.tsx?t=1786785832504:58
[ 8804917ms] [ERROR] Failed to load resource: net::ERR_NAME_NOT_RESOLVED @ https://api.cryptocast.live/volatility/eth:0
[ 8804917ms] [ERROR] error = TypeError: Failed to fetch
    at getEthError (http://localhost:5173/src/Pages/MainPage.tsx?t=1786785832504:104:31)
    at fetchData (http://localhost:5173/src/Pages/MainPage.tsx?t=1786785832504:135:17)
    at http://localhost:5173/src/Pages/MainPage.tsx?t=1786785832504:162:13 @ http://localhost:5173/src/Pages/MainPage.tsx?t=1786785832504:110
[ 8804917ms] [ERROR] Failed to load resource: net::ERR_NAME_NOT_RESOLVED @ https://api.cryptocast.live/volatility/btc:0
[ 8804917ms] [ERROR] error = TypeError: Failed to fetch
    at getBtcError (http://localhost:5173/src/Pages/MainPage.tsx?t=1786785832504:117:31)
    at fetchData (http://localhost:5173/src/Pages/MainPage.tsx?t=1786785832504:136:17)
    at http://localhost:5173/src/Pages/MainPage.tsx?t=1786785832504:162:13 @ http://localhost:5173/src/Pages/MainPage.tsx?t=1786785832504:123
[ 8804918ms] [ERROR] Failed to load resource: net::ERR_NAME_NOT_RESOLVED @ https://api.cryptocast.live/verify/eth:0
[ 8804918ms] [ERROR] error = TypeError: Failed to fetch
    at getEthVerified (http://localhost:5173/src/Pages/MainPage.tsx?t=1786785832504:65:31)
    at fetchData (http://localhost:5173/src/Pages/MainPage.tsx?t=1786785832504:133:17)
    at http://localhost:5173/src/Pages/MainPage.tsx?t=1786785832504:162:13 @ http://localhost:5173/src/Pages/MainPage.tsx?t=1786785832504:71
[ 8804919ms] [ERROR] Failed to load resource: net::ERR_NAME_NOT_RESOLVED @ https://api.cryptocast.live/btc:0
[ 8804919ms] [ERROR] error = TypeError: Failed to fetch
    at getBtcPrice (http://localhost:5173/src/Pages/MainPage.tsx?t=1786785832504:91:31)
    at fetchData (http://localhost:5173/src/Pages/MainPage.tsx?t=1786785832504:132:17)
    at http://localhost:5173/src/Pages/MainPage.tsx?t=1786785832504:162:13 @ http://localhost:5173/src/Pages/MainPage.tsx?t=1786785832504:97
[ 8804919ms] [ERROR] Failed to load resource: net::ERR_NAME_NOT_RESOLVED @ https://api.cryptocast.live/eth:0
[ 8804919ms] [ERROR] error = TypeError: Failed to fetch
    at getEthPrice (http://localhost:5173/src/Pages/MainPage.tsx?t=1786785832504:78:31)
    at fetchData (http://localhost:5173/src/Pages/MainPage.tsx?t=1786785832504:131:17)
    at http://localhost:5173/src/Pages/MainPage.tsx?t=1786785832504:162:13 @ http://localhost:5173/src/Pages/MainPage.tsx?t=1786785832504:84
[ 8804919ms] [ERROR] Failed to load resource: net::ERR_NAME_NOT_RESOLVED @ https://api.cryptocast.live/volatility/btc:0
[ 8804919ms] [ERROR] error = TypeError: Failed to fetch
    at getBtcError (http://localhost:5173/src/Pages/MainPage.tsx?t=1786785832504:117:31)
    at fetchData (http://localhost:5173/src/Pages/MainPage.tsx?t=1786785832504:136:17)
    at http://localhost:5173/src/Pages/MainPage.tsx?t=1786785832504:162:13 @ http://localhost:5173/src/Pages/MainPage.tsx?t=1786785832504:123
[ 8804919ms] [ERROR] Failed to load resource: net::ERR_NAME_NOT_RESOLVED @ https://api.cryptocast.live/volatility/eth:0
[ 8804919ms] [ERROR] error = TypeError: Failed to fetch
    at getEthError (http://localhost:5173/src/Pages/MainPage.tsx?t=1786785832504:104:31)
    at fetchData (http://localhost:5173/src/Pages/MainPage.tsx?t=1786785832504:135:17)
    at http://localhost:5173/src/Pages/MainPage.tsx?t=1786785832504:162:13 @ http://localhost:5173/src/Pages/MainPage.tsx?t=1786785832504:110
[ 8804919ms] [ERROR] Failed to load resource: net::ERR_NAME_NOT_RESOLVED @ https://api.cryptocast.live/verify/btc:0
[ 8804919ms] [ERROR] error = TypeError: Failed to fetch
    at getBtcVerified (http://localhost:5173/src/Pages/MainPage.tsx?t=1786785832504:52:31)
    at fetchData (http://localhost:5173/src/Pages/MainPage.tsx?t=1786785832504:134:17)
    at http://localhost:5173/src/Pages/MainPage.tsx?t=1786785832504:162:13 @ http://localhost:5173/src/Pages/MainPage.tsx?t=1786785832504:58
[ 8808084ms] [ERROR] error = SyntaxError: Unexpected token '<', "<!DOCTYPE "... is not valid JSON @ http://localhost:5173/src/Pages/MainPage.tsx?t=1786785835714:84
[ 8808090ms] [ERROR] error = SyntaxError: Unexpected token '<', "<!DOCTYPE "... is not valid JSON @ http://localhost:5173/src/Pages/MainPage.tsx?t=1786785835714:58
[ 8808091ms] [ERROR] error = SyntaxError: Unexpected token '<', "<!DOCTYPE "... is not valid JSON @ http://localhost:5173/src/Pages/MainPage.tsx?t=1786785835714:110
[ 8808091ms] [ERROR] error = SyntaxError: Unexpected token '<', "<!DOCTYPE "... is not valid JSON @ http://localhost:5173/src/Pages/MainPage.tsx?t=1786785835714:71
[ 8808092ms] [LOG] Container @ http://localhost:5173/src/Components/particleBakground.tsx:46
[ 8808092ms] [ERROR] error = SyntaxError: Unexpected token '<', "<!DOCTYPE "... is not valid JSON @ http://localhost:5173/src/Pages/MainPage.tsx?t=1786785835714:97
[ 8808092ms] [ERROR] error = SyntaxError: Unexpected token '<', "<!DOCTYPE "... is not valid JSON @ http://localhost:5173/src/Pages/MainPage.tsx?t=1786785835714:123
[ 8808092ms] [ERROR] error = SyntaxError: Unexpected token '<', "<!DOCTYPE "... is not valid JSON @ http://localhost:5173/src/Pages/MainPage.tsx?t=1786785835714:84
[ 8808093ms] [ERROR] error = SyntaxError: Unexpected token '<', "<!DOCTYPE "... is not valid JSON @ http://localhost:5173/src/Pages/MainPage.tsx?t=1786785835714:58
[ 8808093ms] [ERROR] error = SyntaxError: Unexpected token '<', "<!DOCTYPE "... is not valid JSON @ http://localhost:5173/src/Pages/MainPage.tsx?t=1786785835714:110
[ 8808093ms] [ERROR] error = SyntaxError: Unexpected token '<', "<!DOCTYPE "... is not valid JSON @ http://localhost:5173/src/Pages/MainPage.tsx?t=1786785835714:71
[ 8808093ms] [ERROR] error = SyntaxError: Unexpected token '<', "<!DOCTYPE "... is not valid JSON @ http://localhost:5173/src/Pages/MainPage.tsx?t=1786785835714:97
[ 8808095ms] [ERROR] error = SyntaxError: Unexpected token '<', "<!DOCTYPE "... is not valid JSON @ http://localhost:5173/src/Pages/MainPage.tsx?t=1786785835714:123
[ 9279643ms] [ERROR] Failed to load resource: net::ERR_NAME_NOT_RESOLVED @ https://api.cryptocast.live/eth:0
[ 9279643ms] [ERROR] error = TypeError: Failed to fetch
    at getEthPrice (http://localhost:5173/src/Pages/MainPage.tsx:77:31)
    at fetchData (http://localhost:5173/src/Pages/MainPage.tsx:130:17)
    at http://localhost:5173/src/Pages/MainPage.tsx:161:13 @ http://localhost:5173/src/Pages/MainPage.tsx:83
[ 9279648ms] [ERROR] Failed to load resource: net::ERR_NAME_NOT_RESOLVED @ https://api.cryptocast.live/btc:0
[ 9279648ms] [ERROR] error = TypeError: Failed to fetch
    at getBtcPrice (http://localhost:5173/src/Pages/MainPage.tsx:90:31)
    at fetchData (http://localhost:5173/src/Pages/MainPage.tsx:131:17)
    at http://localhost:5173/src/Pages/MainPage.tsx:161:13 @ http://localhost:5173/src/Pages/MainPage.tsx:96
[ 9279648ms] [ERROR] Failed to load resource: net::ERR_NAME_NOT_RESOLVED @ https://api.cryptocast.live/verify/eth:0
[ 9279648ms] [ERROR] error = TypeError: Failed to fetch
    at getEthVerified (http://localhost:5173/src/Pages/MainPage.tsx:64:31)
    at fetchData (http://localhost:5173/src/Pages/MainPage.tsx:132:17)
    at http://localhost:5173/src/Pages/MainPage.tsx:161:13 @ http://localhost:5173/src/Pages/MainPage.tsx:70
[ 9279648ms] [ERROR] Failed to load resource: net::ERR_NAME_NOT_RESOLVED @ https://api.cryptocast.live/verify/btc:0
[ 9279648ms] [ERROR] error = TypeError: Failed to fetch
    at getBtcVerified (http://localhost:5173/src/Pages/MainPage.tsx:51:31)
    at fetchData (http://localhost:5173/src/Pages/MainPage.tsx:133:17)
    at http://localhost:5173/src/Pages/MainPage.tsx:161:13 @ http://localhost:5173/src/Pages/MainPage.tsx:57
[ 9279648ms] [ERROR] Failed to load resource: net::ERR_NAME_NOT_RESOLVED @ https://api.cryptocast.live/volatility/eth:0
[ 9279648ms] [ERROR] error = TypeError: Failed to fetch
    at getEthError (http://localhost:5173/src/Pages/MainPage.tsx:103:31)
    at fetchData (http://localhost:5173/src/Pages/MainPage.tsx:134:17)
    at http://localhost:5173/src/Pages/MainPage.tsx:161:13 @ http://localhost:5173/src/Pages/MainPage.tsx:109
[ 9279648ms] [ERROR] Failed to load resource: net::ERR_NAME_NOT_RESOLVED @ https://api.cryptocast.live/volatility/btc:0
[ 9279648ms] [ERROR] error = TypeError: Failed to fetch
    at getBtcError (http://localhost:5173/src/Pages/MainPage.tsx:116:31)
    at fetchData (http://localhost:5173/src/Pages/MainPage.tsx:135:17)
    at http://localhost:5173/src/Pages/MainPage.tsx:161:13 @ http://localhost:5173/src/Pages/MainPage.tsx:122
[ 9279649ms] [ERROR] Failed to load resource: net::ERR_NAME_NOT_RESOLVED @ https://api.cryptocast.live/eth:0
[ 9279649ms] [ERROR] error = TypeError: Failed to fetch
    at getEthPrice (http://localhost:5173/src/Pages/MainPage.tsx:77:31)
    at fetchData (http://localhost:5173/src/Pages/MainPage.tsx:130:17)
    at http://localhost:5173/src/Pages/MainPage.tsx:161:13 @ http://localhost:5173/src/Pages/MainPage.tsx:83
[ 9279649ms] [ERROR] Failed to load resource: net::ERR_NAME_NOT_RESOLVED @ https://api.cryptocast.live/verify/eth:0
[ 9279649ms] [ERROR] error = TypeError: Failed to fetch
    at getEthVerified (http://localhost:5173/src/Pages/MainPage.tsx:64:31)
    at fetchData (http://localhost:5173/src/Pages/MainPage.tsx:132:17)
    at http://localhost:5173/src/Pages/MainPage.tsx:161:13 @ http://localhost:5173/src/Pages/MainPage.tsx:70
[ 9279649ms] [ERROR] Failed to load resource: net::ERR_NAME_NOT_RESOLVED @ https://api.cryptocast.live/btc:0
[ 9279649ms] [ERROR] error = TypeError: Failed to fetch
    at getBtcPrice (http://localhost:5173/src/Pages/MainPage.tsx:90:31)
    at fetchData (http://localhost:5173/src/Pages/MainPage.tsx:131:17)
    at http://localhost:5173/src/Pages/MainPage.tsx:161:13 @ http://localhost:5173/src/Pages/MainPage.tsx:96
[ 9279649ms] [ERROR] Failed to load resource: net::ERR_NAME_NOT_RESOLVED @ https://api.cryptocast.live/volatility/btc:0
[ 9279649ms] [ERROR] error = TypeError: Failed to fetch
    at getBtcError (http://localhost:5173/src/Pages/MainPage.tsx:116:31)
    at fetchData (http://localhost:5173/src/Pages/MainPage.tsx:135:17)
    at http://localhost:5173/src/Pages/MainPage.tsx:161:13 @ http://localhost:5173/src/Pages/MainPage.tsx:122
[ 9279649ms] [ERROR] Failed to load resource: net::ERR_NAME_NOT_RESOLVED @ https://api.cryptocast.live/volatility/eth:0
[ 9279649ms] [ERROR] error = TypeError: Failed to fetch
    at getEthError (http://localhost:5173/src/Pages/MainPage.tsx:103:31)
    at fetchData (http://localhost:5173/src/Pages/MainPage.tsx:134:17)
    at http://localhost:5173/src/Pages/MainPage.tsx:161:13 @ http://localhost:5173/src/Pages/MainPage.tsx:109
[ 9279649ms] [ERROR] Failed to load resource: net::ERR_NAME_NOT_RESOLVED @ https://api.cryptocast.live/verify/btc:0
[ 9279649ms] [ERROR] error = TypeError: Failed to fetch
    at getBtcVerified (http://localhost:5173/src/Pages/MainPage.tsx:51:31)
    at fetchData (http://localhost:5173/src/Pages/MainPage.tsx:133:17)
    at http://localhost:5173/src/Pages/MainPage.tsx:161:13 @ http://localhost:5173/src/Pages/MainPage.tsx:57
[ 9279669ms] [LOG] Container @ http://localhost:5173/src/Components/particleBakground.tsx:46
[ 9404918ms] [ERROR] Failed to load resource: net::ERR_NAME_NOT_RESOLVED @ https://api.cryptocast.live/eth:0
[ 9404918ms] [ERROR] error = TypeError: Failed to fetch
    at getEthPrice (http://localhost:5173/src/Pages/MainPage.tsx?t=1786785832504:78:31)
    at fetchData (http://localhost:5173/src/Pages/MainPage.tsx?t=1786785832504:131:17)
    at http://localhost:5173/src/Pages/MainPage.tsx?t=1786785832504:162:13 @ http://localhost:5173/src/Pages/MainPage.tsx?t=1786785832504:84
[ 9404918ms] [ERROR] Failed to load resource: net::ERR_NAME_NOT_RESOLVED @ https://api.cryptocast.live/btc:0
[ 9404918ms] [ERROR] error = TypeError: Failed to fetch
    at getBtcPrice (http://localhost:5173/src/Pages/MainPage.tsx?t=1786785832504:91:31)
    at fetchData (http://localhost:5173/src/Pages/MainPage.tsx?t=1786785832504:132:17)
    at http://localhost:5173/src/Pages/MainPage.tsx?t=1786785832504:162:13 @ http://localhost:5173/src/Pages/MainPage.tsx?t=1786785832504:97
[ 9404918ms] [ERROR] Failed to load resource: net::ERR_NAME_NOT_RESOLVED @ https://api.cryptocast.live/verify/eth:0
[ 9404918ms] [ERROR] error = TypeError: Failed to fetch
    at getEthVerified (http://localhost:5173/src/Pages/MainPage.tsx?t=1786785832504:65:31)
    at fetchData (http://localhost:5173/src/Pages/MainPage.tsx?t=1786785832504:133:17)
    at http://localhost:5173/src/Pages/MainPage.tsx?t=1786785832504:162:13 @ http://localhost:5173/src/Pages/MainPage.tsx?t=1786785832504:71
[ 9404919ms] [ERROR] Failed to load resource: net::ERR_NAME_NOT_RESOLVED @ https://api.cryptocast.live/verify/btc:0
[ 9404919ms] [ERROR] error = TypeError: Failed to fetch
    at getBtcVerified (http://localhost:5173/src/Pages/MainPage.tsx?t=1786785832504:52:31)
    at fetchData (http://localhost:5173/src/Pages/MainPage.tsx?t=1786785832504:134:17)
    at http://localhost:5173/src/Pages/MainPage.tsx?t=1786785832504:162:13 @ http://localhost:5173/src/Pages/MainPage.tsx?t=1786785832504:58
[ 9404919ms] [ERROR] Failed to load resource: net::ERR_NAME_NOT_RESOLVED @ https://api.cryptocast.live/volatility/eth:0
[ 9404919ms] [ERROR] error = TypeError: Failed to fetch
    at getEthError (http://localhost:5173/src/Pages/MainPage.tsx?t=1786785832504:104:31)
    at fetchData (http://localhost:5173/src/Pages/MainPage.tsx?t=1786785832504:135:17)
    at http://localhost:5173/src/Pages/MainPage.tsx?t=1786785832504:162:13 @ http://localhost:5173/src/Pages/MainPage.tsx?t=1786785832504:110
[ 9404919ms] [ERROR] Failed to load resource: net::ERR_NAME_NOT_RESOLVED @ https://api.cryptocast.live/volatility/btc:0
[ 9404919ms] [ERROR] error = TypeError: Failed to fetch
    at getBtcError (http://localhost:5173/src/Pages/MainPage.tsx?t=1786785832504:117:31)
    at fetchData (http://localhost:5173/src/Pages/MainPage.tsx?t=1786785832504:136:17)
    at http://localhost:5173/src/Pages/MainPage.tsx?t=1786785832504:162:13 @ http://localhost:5173/src/Pages/MainPage.tsx?t=1786785832504:123
[ 9404920ms] [ERROR] Failed to load resource: net::ERR_NAME_NOT_RESOLVED @ https://api.cryptocast.live/verify/eth:0
[ 9404920ms] [ERROR] error = TypeError: Failed to fetch
    at getEthVerified (http://localhost:5173/src/Pages/MainPage.tsx?t=1786785832504:65:31)
    at fetchData (http://localhost:5173/src/Pages/MainPage.tsx?t=1786785832504:133:17)
    at http://localhost:5173/src/Pages/MainPage.tsx?t=1786785832504:162:13 @ http://localhost:5173/src/Pages/MainPage.tsx?t=1786785832504:71
[ 9404920ms] [ERROR] Failed to load resource: net::ERR_NAME_NOT_RESOLVED @ https://api.cryptocast.live/btc:0
[ 9404920ms] [ERROR] error = TypeError: Failed to fetch
    at getBtcPrice (http://localhost:5173/src/Pages/MainPage.tsx?t=1786785832504:91:31)
    at fetchData (http://localhost:5173/src/Pages/MainPage.tsx?t=1786785832504:132:17)
    at http://localhost:5173/src/Pages/MainPage.tsx?t=1786785832504:162:13 @ http://localhost:5173/src/Pages/MainPage.tsx?t=1786785832504:97
[ 9404920ms] [ERROR] Failed to load resource: net::ERR_NAME_NOT_RESOLVED @ https://api.cryptocast.live/eth:0
[ 9404920ms] [ERROR] error = TypeError: Failed to fetch
    at getEthPrice (http://localhost:5173/src/Pages/MainPage.tsx?t=1786785832504:78:31)
    at fetchData (http://localhost:5173/src/Pages/MainPage.tsx?t=1786785832504:131:17)
    at http://localhost:5173/src/Pages/MainPage.tsx?t=1786785832504:162:13 @ http://localhost:5173/src/Pages/MainPage.tsx?t=1786785832504:84
[ 9404921ms] [ERROR] Failed to load resource: net::ERR_NAME_NOT_RESOLVED @ https://api.cryptocast.live/volatility/btc:0
[ 9404921ms] [ERROR] error = TypeError: Failed to fetch
    at getBtcError (http://localhost:5173/src/Pages/MainPage.tsx?t=1786785832504:117:31)
    at fetchData (http://localhost:5173/src/Pages/MainPage.tsx?t=1786785832504:136:17)
    at http://localhost:5173/src/Pages/MainPage.tsx?t=1786785832504:162:13 @ http://localhost:5173/src/Pages/MainPage.tsx?t=1786785832504:123
[ 9404921ms] [ERROR] Failed to load resource: net::ERR_NAME_NOT_RESOLVED @ https://api.cryptocast.live/volatility/eth:0
[ 9404921ms] [ERROR] error = TypeError: Failed to fetch
    at getEthError (http://localhost:5173/src/Pages/MainPage.tsx?t=1786785832504:104:31)
    at fetchData (http://localhost:5173/src/Pages/MainPage.tsx?t=1786785832504:135:17)
    at http://localhost:5173/src/Pages/MainPage.tsx?t=1786785832504:162:13 @ http://localhost:5173/src/Pages/MainPage.tsx?t=1786785832504:110
[ 9404921ms] [ERROR] Failed to load resource: net::ERR_NAME_NOT_RESOLVED @ https://api.cryptocast.live/verify/btc:0
[ 9404921ms] [ERROR] error = TypeError: Failed to fetch
    at getBtcVerified (http://localhost:5173/src/Pages/MainPage.tsx?t=1786785832504:52:31)
    at fetchData (http://localhost:5173/src/Pages/MainPage.tsx?t=1786785832504:134:17)
    at http://localhost:5173/src/Pages/MainPage.tsx?t=1786785832504:162:13 @ http://localhost:5173/src/Pages/MainPage.tsx?t=1786785832504:58
[ 9408085ms] [ERROR] error = SyntaxError: Unexpected token '<', "<!DOCTYPE "... is not valid JSON @ http://localhost:5173/src/Pages/MainPage.tsx?t=1786785835714:84
[ 9408086ms] [ERROR] error = SyntaxError: Unexpected token '<', "<!DOCTYPE "... is not valid JSON @ http://localhost:5173/src/Pages/MainPage.tsx?t=1786785835714:97
[ 9408095ms] [ERROR] error = SyntaxError: Unexpected token '<', "<!DOCTYPE "... is not valid JSON @ http://localhost:5173/src/Pages/MainPage.tsx?t=1786785835714:71
[ 9408096ms] [ERROR] error = SyntaxError: Unexpected token '<', "<!DOCTYPE "... is not valid JSON @ http://localhost:5173/src/Pages/MainPage.tsx?t=1786785835714:58
[ 9408096ms] [ERROR] error = SyntaxError: Unexpected token '<', "<!DOCTYPE "... is not valid JSON @ http://localhost:5173/src/Pages/MainPage.tsx?t=1786785835714:123
[ 9408098ms] [LOG] Container @ http://localhost:5173/src/Components/particleBakground.tsx:46
[ 9408098ms] [ERROR] error = SyntaxError: Unexpected token '<', "<!DOCTYPE "... is not valid JSON @ http://localhost:5173/src/Pages/MainPage.tsx?t=1786785835714:110
[ 9408098ms] [ERROR] error = SyntaxError: Unexpected token '<', "<!DOCTYPE "... is not valid JSON @ http://localhost:5173/src/Pages/MainPage.tsx?t=1786785835714:84
[ 9408099ms] [ERROR] error = SyntaxError: Unexpected token '<', "<!DOCTYPE "... is not valid JSON @ http://localhost:5173/src/Pages/MainPage.tsx?t=1786785835714:97
[ 9408099ms] [ERROR] error = SyntaxError: Unexpected token '<', "<!DOCTYPE "... is not valid JSON @ http://localhost:5173/src/Pages/MainPage.tsx?t=1786785835714:71
[ 9408100ms] [ERROR] error = SyntaxError: Unexpected token '<', "<!DOCTYPE "... is not valid JSON @ http://localhost:5173/src/Pages/MainPage.tsx?t=1786785835714:58
[ 9408100ms] [ERROR] error = SyntaxError: Unexpected token '<', "<!DOCTYPE "... is not valid JSON @ http://localhost:5173/src/Pages/MainPage.tsx?t=1786785835714:123
[ 9408100ms] [ERROR] error = SyntaxError: Unexpected token '<', "<!DOCTYPE "... is not valid JSON @ http://localhost:5173/src/Pages/MainPage.tsx?t=1786785835714:110
[ 9879682ms] [ERROR] Failed to load resource: net::ERR_NAME_NOT_RESOLVED @ https://api.cryptocast.live/eth:0
[ 9879683ms] [ERROR] error = TypeError: Failed to fetch
    at getEthPrice (http://localhost:5173/src/Pages/MainPage.tsx:77:31)
    at fetchData (http://localhost:5173/src/Pages/MainPage.tsx:130:17)
    at http://localhost:5173/src/Pages/MainPage.tsx:161:13 @ http://localhost:5173/src/Pages/MainPage.tsx:83
[ 9879685ms] [ERROR] Failed to load resource: net::ERR_NAME_NOT_RESOLVED @ https://api.cryptocast.live/btc:0
[ 9879685ms] [ERROR] error = TypeError: Failed to fetch
    at getBtcPrice (http://localhost:5173/src/Pages/MainPage.tsx:90:31)
    at fetchData (http://localhost:5173/src/Pages/MainPage.tsx:131:17)
    at http://localhost:5173/src/Pages/MainPage.tsx:161:13 @ http://localhost:5173/src/Pages/MainPage.tsx:96
[ 9879685ms] [ERROR] Failed to load resource: net::ERR_NAME_NOT_RESOLVED @ https://api.cryptocast.live/verify/eth:0
[ 9879685ms] [ERROR] error = TypeError: Failed to fetch
    at getEthVerified (http://localhost:5173/src/Pages/MainPage.tsx:64:31)
    at fetchData (http://localhost:5173/src/Pages/MainPage.tsx:132:17)
    at http://localhost:5173/src/Pages/MainPage.tsx:161:13 @ http://localhost:5173/src/Pages/MainPage.tsx:70
[ 9879685ms] [ERROR] Failed to load resource: net::ERR_NAME_NOT_RESOLVED @ https://api.cryptocast.live/verify/btc:0
[ 9879685ms] [ERROR] error = TypeError: Failed to fetch
    at getBtcVerified (http://localhost:5173/src/Pages/MainPage.tsx:51:31)
    at fetchData (http://localhost:5173/src/Pages/MainPage.tsx:133:17)
    at http://localhost:5173/src/Pages/MainPage.tsx:161:13 @ http://localhost:5173/src/Pages/MainPage.tsx:57
[ 9879685ms] [ERROR] Failed to load resource: net::ERR_NAME_NOT_RESOLVED @ https://api.cryptocast.live/volatility/eth:0
[ 9879686ms] [ERROR] error = TypeError: Failed to fetch
    at getEthError (http://localhost:5173/src/Pages/MainPage.tsx:103:31)
    at fetchData (http://localhost:5173/src/Pages/MainPage.tsx:134:17)
    at http://localhost:5173/src/Pages/MainPage.tsx:161:13 @ http://localhost:5173/src/Pages/MainPage.tsx:109
[ 9879686ms] [ERROR] Failed to load resource: net::ERR_NAME_NOT_RESOLVED @ https://api.cryptocast.live/volatility/btc:0
[ 9879686ms] [ERROR] error = TypeError: Failed to fetch
    at getBtcError (http://localhost:5173/src/Pages/MainPage.tsx:116:31)
    at fetchData (http://localhost:5173/src/Pages/MainPage.tsx:135:17)
    at http://localhost:5173/src/Pages/MainPage.tsx:161:13 @ http://localhost:5173/src/Pages/MainPage.tsx:122
[ 9879686ms] [ERROR] Failed to load resource: net::ERR_NAME_NOT_RESOLVED @ https://api.cryptocast.live/verify/eth:0
[ 9879686ms] [ERROR] error = TypeError: Failed to fetch
    at getEthVerified (http://localhost:5173/src/Pages/MainPage.tsx:64:31)
    at fetchData (http://localhost:5173/src/Pages/MainPage.tsx:132:17)
    at http://localhost:5173/src/Pages/MainPage.tsx:161:13 @ http://localhost:5173/src/Pages/MainPage.tsx:70
[ 9879686ms] [ERROR] Failed to load resource: net::ERR_NAME_NOT_RESOLVED @ https://api.cryptocast.live/btc:0
[ 9879686ms] [ERROR] error = TypeError: Failed to fetch
    at getBtcPrice (http://localhost:5173/src/Pages/MainPage.tsx:90:31)
    at fetchData (http://localhost:5173/src/Pages/MainPage.tsx:131:17)
    at http://localhost:5173/src/Pages/MainPage.tsx:161:13 @ http://localhost:5173/src/Pages/MainPage.tsx:96
[ 9879686ms] [ERROR] Failed to load resource: net::ERR_NAME_NOT_RESOLVED @ https://api.cryptocast.live/eth:0
[ 9879686ms] [ERROR] error = TypeError: Failed to fetch
    at getEthPrice (http://localhost:5173/src/Pages/MainPage.tsx:77:31)
    at fetchData (http://localhost:5173/src/Pages/MainPage.tsx:130:17)
    at http://localhost:5173/src/Pages/MainPage.tsx:161:13 @ http://localhost:5173/src/Pages/MainPage.tsx:83
[ 9879686ms] [ERROR] Failed to load resource: net::ERR_NAME_NOT_RESOLVED @ https://api.cryptocast.live/volatility/btc:0
[ 9879686ms] [ERROR] error = TypeError: Failed to fetch
    at getBtcError (http://localhost:5173/src/Pages/MainPage.tsx:116:31)
    at fetchData (http://localhost:5173/src/Pages/MainPage.tsx:135:17)
    at http://localhost:5173/src/Pages/MainPage.tsx:161:13 @ http://localhost:5173/src/Pages/MainPage.tsx:122
[ 9879686ms] [ERROR] Failed to load resource: net::ERR_NAME_NOT_RESOLVED @ https://api.cryptocast.live/volatility/eth:0
[ 9879686ms] [ERROR] error = TypeError: Failed to fetch
    at getEthError (http://localhost:5173/src/Pages/MainPage.tsx:103:31)
    at fetchData (http://localhost:5173/src/Pages/MainPage.tsx:134:17)
    at http://localhost:5173/src/Pages/MainPage.tsx:161:13 @ http://localhost:5173/src/Pages/MainPage.tsx:109
[ 9879686ms] [ERROR] Failed to load resource: net::ERR_NAME_NOT_RESOLVED @ https://api.cryptocast.live/verify/btc:0
[ 9879686ms] [ERROR] error = TypeError: Failed to fetch
    at getBtcVerified (http://localhost:5173/src/Pages/MainPage.tsx:51:31)
    at fetchData (http://localhost:5173/src/Pages/MainPage.tsx:133:17)
    at http://localhost:5173/src/Pages/MainPage.tsx:161:13 @ http://localhost:5173/src/Pages/MainPage.tsx:57
[ 9879702ms] [LOG] Container @ http://localhost:5173/src/Components/particleBakground.tsx:46
[10004917ms] [ERROR] Failed to load resource: net::ERR_NAME_NOT_RESOLVED @ https://api.cryptocast.live/eth:0
[10004917ms] [ERROR] error = TypeError: Failed to fetch
    at getEthPrice (http://localhost:5173/src/Pages/MainPage.tsx?t=1786785832504:78:31)
    at fetchData (http://localhost:5173/src/Pages/MainPage.tsx?t=1786785832504:131:17)
    at http://localhost:5173/src/Pages/MainPage.tsx?t=1786785832504:162:13 @ http://localhost:5173/src/Pages/MainPage.tsx?t=1786785832504:84
[10004918ms] [ERROR] Failed to load resource: net::ERR_NAME_NOT_RESOLVED @ https://api.cryptocast.live/btc:0
[10004918ms] [ERROR] error = TypeError: Failed to fetch
    at getBtcPrice (http://localhost:5173/src/Pages/MainPage.tsx?t=1786785832504:91:31)
    at fetchData (http://localhost:5173/src/Pages/MainPage.tsx?t=1786785832504:132:17)
    at http://localhost:5173/src/Pages/MainPage.tsx?t=1786785832504:162:13 @ http://localhost:5173/src/Pages/MainPage.tsx?t=1786785832504:97
[10004918ms] [ERROR] Failed to load resource: net::ERR_NAME_NOT_RESOLVED @ https://api.cryptocast.live/verify/eth:0
[10004918ms] [ERROR] error = TypeError: Failed to fetch
    at getEthVerified (http://localhost:5173/src/Pages/MainPage.tsx?t=1786785832504:65:31)
    at fetchData (http://localhost:5173/src/Pages/MainPage.tsx?t=1786785832504:133:17)
    at http://localhost:5173/src/Pages/MainPage.tsx?t=1786785832504:162:13 @ http://localhost:5173/src/Pages/MainPage.tsx?t=1786785832504:71
[10004918ms] [ERROR] Failed to load resource: net::ERR_NAME_NOT_RESOLVED @ https://api.cryptocast.live/verify/btc:0
[10004918ms] [ERROR] error = TypeError: Failed to fetch
    at getBtcVerified (http://localhost:5173/src/Pages/MainPage.tsx?t=1786785832504:52:31)
    at fetchData (http://localhost:5173/src/Pages/MainPage.tsx?t=1786785832504:134:17)
    at http://localhost:5173/src/Pages/MainPage.tsx?t=1786785832504:162:13 @ http://localhost:5173/src/Pages/MainPage.tsx?t=1786785832504:58
[10004918ms] [ERROR] Failed to load resource: net::ERR_NAME_NOT_RESOLVED @ https://api.cryptocast.live/volatility/eth:0
[10004919ms] [ERROR] error = TypeError: Failed to fetch
    at getEthError (http://localhost:5173/src/Pages/MainPage.tsx?t=1786785832504:104:31)
    at fetchData (http://localhost:5173/src/Pages/MainPage.tsx?t=1786785832504:135:17)
    at http://localhost:5173/src/Pages/MainPage.tsx?t=1786785832504:162:13 @ http://localhost:5173/src/Pages/MainPage.tsx?t=1786785832504:110
[10004919ms] [ERROR] Failed to load resource: net::ERR_NAME_NOT_RESOLVED @ https://api.cryptocast.live/volatility/btc:0
[10004919ms] [ERROR] error = TypeError: Failed to fetch
    at getBtcError (http://localhost:5173/src/Pages/MainPage.tsx?t=1786785832504:117:31)
    at fetchData (http://localhost:5173/src/Pages/MainPage.tsx?t=1786785832504:136:17)
    at http://localhost:5173/src/Pages/MainPage.tsx?t=1786785832504:162:13 @ http://localhost:5173/src/Pages/MainPage.tsx?t=1786785832504:123
[10004919ms] [ERROR] Failed to load resource: net::ERR_NAME_NOT_RESOLVED @ https://api.cryptocast.live/verify/eth:0
[10004919ms] [ERROR] error = TypeError: Failed to fetch
    at getEthVerified (http://localhost:5173/src/Pages/MainPage.tsx?t=1786785832504:65:31)
    at fetchData (http://localhost:5173/src/Pages/MainPage.tsx?t=1786785832504:133:17)
    at http://localhost:5173/src/Pages/MainPage.tsx?t=1786785832504:162:13 @ http://localhost:5173/src/Pages/MainPage.tsx?t=1786785832504:71
[10004919ms] [ERROR] Failed to load resource: net::ERR_NAME_NOT_RESOLVED @ https://api.cryptocast.live/btc:0
[10004919ms] [ERROR] error = TypeError: Failed to fetch
    at getBtcPrice (http://localhost:5173/src/Pages/MainPage.tsx?t=1786785832504:91:31)
    at fetchData (http://localhost:5173/src/Pages/MainPage.tsx?t=1786785832504:132:17)
    at http://localhost:5173/src/Pages/MainPage.tsx?t=1786785832504:162:13 @ http://localhost:5173/src/Pages/MainPage.tsx?t=1786785832504:97
[10004919ms] [ERROR] Failed to load resource: net::ERR_NAME_NOT_RESOLVED @ https://api.cryptocast.live/eth:0
[10004919ms] [ERROR] error = TypeError: Failed to fetch
    at getEthPrice (http://localhost:5173/src/Pages/MainPage.tsx?t=1786785832504:78:31)
    at fetchData (http://localhost:5173/src/Pages/MainPage.tsx?t=1786785832504:131:17)
    at http://localhost:5173/src/Pages/MainPage.tsx?t=1786785832504:162:13 @ http://localhost:5173/src/Pages/MainPage.tsx?t=1786785832504:84
[10004919ms] [ERROR] Failed to load resource: net::ERR_NAME_NOT_RESOLVED @ https://api.cryptocast.live/volatility/btc:0
[10004919ms] [ERROR] error = TypeError: Failed to fetch
    at getBtcError (http://localhost:5173/src/Pages/MainPage.tsx?t=1786785832504:117:31)
    at fetchData (http://localhost:5173/src/Pages/MainPage.tsx?t=1786785832504:136:17)
    at http://localhost:5173/src/Pages/MainPage.tsx?t=1786785832504:162:13 @ http://localhost:5173/src/Pages/MainPage.tsx?t=1786785832504:123
[10004919ms] [ERROR] Failed to load resource: net::ERR_NAME_NOT_RESOLVED @ https://api.cryptocast.live/volatility/eth:0
[10004919ms] [ERROR] error = TypeError: Failed to fetch
    at getEthError (http://localhost:5173/src/Pages/MainPage.tsx?t=1786785832504:104:31)
    at fetchData (http://localhost:5173/src/Pages/MainPage.tsx?t=1786785832504:135:17)
    at http://localhost:5173/src/Pages/MainPage.tsx?t=1786785832504:162:13 @ http://localhost:5173/src/Pages/MainPage.tsx?t=1786785832504:110
[10004919ms] [ERROR] Failed to load resource: net::ERR_NAME_NOT_RESOLVED @ https://api.cryptocast.live/verify/btc:0
[10004919ms] [ERROR] error = TypeError: Failed to fetch
    at getBtcVerified (http://localhost:5173/src/Pages/MainPage.tsx?t=1786785832504:52:31)
    at fetchData (http://localhost:5173/src/Pages/MainPage.tsx?t=1786785832504:134:17)
    at http://localhost:5173/src/Pages/MainPage.tsx?t=1786785832504:162:13 @ http://localhost:5173/src/Pages/MainPage.tsx?t=1786785832504:58
[10008088ms] [ERROR] error = SyntaxError: Unexpected token '<', "<!DOCTYPE "... is not valid JSON @ http://localhost:5173/src/Pages/MainPage.tsx?t=1786785835714:97
[10008095ms] [LOG] Container @ http://localhost:5173/src/Components/particleBakground.tsx:46
[10008096ms] [ERROR] error = SyntaxError: Unexpected token '<', "<!DOCTYPE "... is not valid JSON @ http://localhost:5173/src/Pages/MainPage.tsx?t=1786785835714:71
[10008096ms] [ERROR] error = SyntaxError: Unexpected token '<', "<!DOCTYPE "... is not valid JSON @ http://localhost:5173/src/Pages/MainPage.tsx?t=1786785835714:84
[10008096ms] [ERROR] error = SyntaxError: Unexpected token '<', "<!DOCTYPE "... is not valid JSON @ http://localhost:5173/src/Pages/MainPage.tsx?t=1786785835714:58
[10008096ms] [ERROR] error = SyntaxError: Unexpected token '<', "<!DOCTYPE "... is not valid JSON @ http://localhost:5173/src/Pages/MainPage.tsx?t=1786785835714:110
[10008097ms] [ERROR] error = SyntaxError: Unexpected token '<', "<!DOCTYPE "... is not valid JSON @ http://localhost:5173/src/Pages/MainPage.tsx?t=1786785835714:123
[10008098ms] [ERROR] error = SyntaxError: Unexpected token '<', "<!DOCTYPE "... is not valid JSON @ http://localhost:5173/src/Pages/MainPage.tsx?t=1786785835714:97
[10008099ms] [ERROR] error = SyntaxError: Unexpected token '<', "<!DOCTYPE "... is not valid JSON @ http://localhost:5173/src/Pages/MainPage.tsx?t=1786785835714:71
[10008100ms] [ERROR] error = SyntaxError: Unexpected token '<', "<!DOCTYPE "... is not valid JSON @ http://localhost:5173/src/Pages/MainPage.tsx?t=1786785835714:84
[10008101ms] [ERROR] error = SyntaxError: Unexpected token '<', "<!DOCTYPE "... is not valid JSON @ http://localhost:5173/src/Pages/MainPage.tsx?t=1786785835714:58
[10008102ms] [ERROR] error = SyntaxError: Unexpected token '<', "<!DOCTYPE "... is not valid JSON @ http://localhost:5173/src/Pages/MainPage.tsx?t=1786785835714:110
[10008103ms] [ERROR] error = SyntaxError: Unexpected token '<', "<!DOCTYPE "... is not valid JSON @ http://localhost:5173/src/Pages/MainPage.tsx?t=1786785835714:123
[10479634ms] [ERROR] Failed to load resource: net::ERR_NAME_NOT_RESOLVED @ https://api.cryptocast.live/eth:0
[10479634ms] [ERROR] error = TypeError: Failed to fetch
    at getEthPrice (http://localhost:5173/src/Pages/MainPage.tsx:77:31)
    at fetchData (http://localhost:5173/src/Pages/MainPage.tsx:130:17)
    at http://localhost:5173/src/Pages/MainPage.tsx:161:13 @ http://localhost:5173/src/Pages/MainPage.tsx:83
[10479634ms] [ERROR] Failed to load resource: net::ERR_NAME_NOT_RESOLVED @ https://api.cryptocast.live/btc:0
[10479634ms] [ERROR] error = TypeError: Failed to fetch
    at getBtcPrice (http://localhost:5173/src/Pages/MainPage.tsx:90:31)
    at fetchData (http://localhost:5173/src/Pages/MainPage.tsx:131:17)
    at http://localhost:5173/src/Pages/MainPage.tsx:161:13 @ http://localhost:5173/src/Pages/MainPage.tsx:96
[10479635ms] [ERROR] Failed to load resource: net::ERR_NAME_NOT_RESOLVED @ https://api.cryptocast.live/verify/eth:0
[10479635ms] [ERROR] error = TypeError: Failed to fetch
    at getEthVerified (http://localhost:5173/src/Pages/MainPage.tsx:64:31)
    at fetchData (http://localhost:5173/src/Pages/MainPage.tsx:132:17)
    at http://localhost:5173/src/Pages/MainPage.tsx:161:13 @ http://localhost:5173/src/Pages/MainPage.tsx:70
[10479635ms] [ERROR] Failed to load resource: net::ERR_NAME_NOT_RESOLVED @ https://api.cryptocast.live/verify/btc:0
[10479635ms] [ERROR] error = TypeError: Failed to fetch
    at getBtcVerified (http://localhost:5173/src/Pages/MainPage.tsx:51:31)
    at fetchData (http://localhost:5173/src/Pages/MainPage.tsx:133:17)
    at http://localhost:5173/src/Pages/MainPage.tsx:161:13 @ http://localhost:5173/src/Pages/MainPage.tsx:57
[10479635ms] [ERROR] Failed to load resource: net::ERR_NAME_NOT_RESOLVED @ https://api.cryptocast.live/volatility/eth:0
[10479635ms] [ERROR] error = TypeError: Failed to fetch
    at getEthError (http://localhost:5173/src/Pages/MainPage.tsx:103:31)
    at fetchData (http://localhost:5173/src/Pages/MainPage.tsx:134:17)
    at http://localhost:5173/src/Pages/MainPage.tsx:161:13 @ http://localhost:5173/src/Pages/MainPage.tsx:109
[10479635ms] [ERROR] Failed to load resource: net::ERR_NAME_NOT_RESOLVED @ https://api.cryptocast.live/volatility/btc:0
[10479635ms] [ERROR] error = TypeError: Failed to fetch
    at getBtcError (http://localhost:5173/src/Pages/MainPage.tsx:116:31)
    at fetchData (http://localhost:5173/src/Pages/MainPage.tsx:135:17)
    at http://localhost:5173/src/Pages/MainPage.tsx:161:13 @ http://localhost:5173/src/Pages/MainPage.tsx:122
[10479637ms] [ERROR] Failed to load resource: net::ERR_NAME_NOT_RESOLVED @ https://api.cryptocast.live/verify/eth:0
[10479637ms] [ERROR] error = TypeError: Failed to fetch
    at getEthVerified (http://localhost:5173/src/Pages/MainPage.tsx:64:31)
    at fetchData (http://localhost:5173/src/Pages/MainPage.tsx:132:17)
    at http://localhost:5173/src/Pages/MainPage.tsx:161:13 @ http://localhost:5173/src/Pages/MainPage.tsx:70
[10479637ms] [ERROR] Failed to load resource: net::ERR_NAME_NOT_RESOLVED @ https://api.cryptocast.live/btc:0
[10479637ms] [ERROR] error = TypeError: Failed to fetch
    at getBtcPrice (http://localhost:5173/src/Pages/MainPage.tsx:90:31)
    at fetchData (http://localhost:5173/src/Pages/MainPage.tsx:131:17)
    at http://localhost:5173/src/Pages/MainPage.tsx:161:13 @ http://localhost:5173/src/Pages/MainPage.tsx:96
[10479637ms] [ERROR] Failed to load resource: net::ERR_NAME_NOT_RESOLVED @ https://api.cryptocast.live/eth:0
[10479637ms] [ERROR] error = TypeError: Failed to fetch
    at getEthPrice (http://localhost:5173/src/Pages/MainPage.tsx:77:31)
    at fetchData (http://localhost:5173/src/Pages/MainPage.tsx:130:17)
    at http://localhost:5173/src/Pages/MainPage.tsx:161:13 @ http://localhost:5173/src/Pages/MainPage.tsx:83
[10479638ms] [ERROR] Failed to load resource: net::ERR_NAME_NOT_RESOLVED @ https://api.cryptocast.live/volatility/btc:0
[10479638ms] [ERROR] error = TypeError: Failed to fetch
    at getBtcError (http://localhost:5173/src/Pages/MainPage.tsx:116:31)
    at fetchData (http://localhost:5173/src/Pages/MainPage.tsx:135:17)
    at http://localhost:5173/src/Pages/MainPage.tsx:161:13 @ http://localhost:5173/src/Pages/MainPage.tsx:122
[10479638ms] [ERROR] Failed to load resource: net::ERR_NAME_NOT_RESOLVED @ https://api.cryptocast.live/volatility/eth:0
[10479638ms] [ERROR] error = TypeError: Failed to fetch
    at getEthError (http://localhost:5173/src/Pages/MainPage.tsx:103:31)
    at fetchData (http://localhost:5173/src/Pages/MainPage.tsx:134:17)
    at http://localhost:5173/src/Pages/MainPage.tsx:161:13 @ http://localhost:5173/src/Pages/MainPage.tsx:109
[10479638ms] [ERROR] Failed to load resource: net::ERR_NAME_NOT_RESOLVED @ https://api.cryptocast.live/verify/btc:0
[10479638ms] [ERROR] error = TypeError: Failed to fetch
    at getBtcVerified (http://localhost:5173/src/Pages/MainPage.tsx:51:31)
    at fetchData (http://localhost:5173/src/Pages/MainPage.tsx:133:17)
    at http://localhost:5173/src/Pages/MainPage.tsx:161:13 @ http://localhost:5173/src/Pages/MainPage.tsx:57
[10479651ms] [LOG] Container @ http://localhost:5173/src/Components/particleBakground.tsx:46
[10604917ms] [ERROR] Failed to load resource: net::ERR_NAME_NOT_RESOLVED @ https://api.cryptocast.live/eth:0
[10604917ms] [ERROR] error = TypeError: Failed to fetch
    at getEthPrice (http://localhost:5173/src/Pages/MainPage.tsx?t=1786785832504:78:31)
    at fetchData (http://localhost:5173/src/Pages/MainPage.tsx?t=1786785832504:131:17)
    at http://localhost:5173/src/Pages/MainPage.tsx?t=1786785832504:162:13 @ http://localhost:5173/src/Pages/MainPage.tsx?t=1786785832504:84
[10604918ms] [ERROR] Failed to load resource: net::ERR_NAME_NOT_RESOLVED @ https://api.cryptocast.live/btc:0
[10604918ms] [ERROR] error = TypeError: Failed to fetch
    at getBtcPrice (http://localhost:5173/src/Pages/MainPage.tsx?t=1786785832504:91:31)
    at fetchData (http://localhost:5173/src/Pages/MainPage.tsx?t=1786785832504:132:17)
    at http://localhost:5173/src/Pages/MainPage.tsx?t=1786785832504:162:13 @ http://localhost:5173/src/Pages/MainPage.tsx?t=1786785832504:97
[10604918ms] [ERROR] Failed to load resource: net::ERR_NAME_NOT_RESOLVED @ https://api.cryptocast.live/verify/eth:0
[10604918ms] [ERROR] error = TypeError: Failed to fetch
    at getEthVerified (http://localhost:5173/src/Pages/MainPage.tsx?t=1786785832504:65:31)
    at fetchData (http://localhost:5173/src/Pages/MainPage.tsx?t=1786785832504:133:17)
    at http://localhost:5173/src/Pages/MainPage.tsx?t=1786785832504:162:13 @ http://localhost:5173/src/Pages/MainPage.tsx?t=1786785832504:71
[10604918ms] [ERROR] Failed to load resource: net::ERR_NAME_NOT_RESOLVED @ https://api.cryptocast.live/verify/btc:0
[10604918ms] [ERROR] error = TypeError: Failed to fetch
    at getBtcVerified (http://localhost:5173/src/Pages/MainPage.tsx?t=1786785832504:52:31)
    at fetchData (http://localhost:5173/src/Pages/MainPage.tsx?t=1786785832504:134:17)
    at http://localhost:5173/src/Pages/MainPage.tsx?t=1786785832504:162:13 @ http://localhost:5173/src/Pages/MainPage.tsx?t=1786785832504:58
[10604918ms] [ERROR] Failed to load resource: net::ERR_NAME_NOT_RESOLVED @ https://api.cryptocast.live/volatility/eth:0
[10604918ms] [ERROR] error = TypeError: Failed to fetch
    at getEthError (http://localhost:5173/src/Pages/MainPage.tsx?t=1786785832504:104:31)
    at fetchData (http://localhost:5173/src/Pages/MainPage.tsx?t=1786785832504:135:17)
    at http://localhost:5173/src/Pages/MainPage.tsx?t=1786785832504:162:13 @ http://localhost:5173/src/Pages/MainPage.tsx?t=1786785832504:110
[10604918ms] [ERROR] Failed to load resource: net::ERR_NAME_NOT_RESOLVED @ https://api.cryptocast.live/volatility/btc:0
[10604918ms] [ERROR] error = TypeError: Failed to fetch
    at getBtcError (http://localhost:5173/src/Pages/MainPage.tsx?t=1786785832504:117:31)
    at fetchData (http://localhost:5173/src/Pages/MainPage.tsx?t=1786785832504:136:17)
    at http://localhost:5173/src/Pages/MainPage.tsx?t=1786785832504:162:13 @ http://localhost:5173/src/Pages/MainPage.tsx?t=1786785832504:123
[10604919ms] [ERROR] Failed to load resource: net::ERR_NAME_NOT_RESOLVED @ https://api.cryptocast.live/verify/eth:0
[10604919ms] [ERROR] error = TypeError: Failed to fetch
    at getEthVerified (http://localhost:5173/src/Pages/MainPage.tsx?t=1786785832504:65:31)
    at fetchData (http://localhost:5173/src/Pages/MainPage.tsx?t=1786785832504:133:17)
    at http://localhost:5173/src/Pages/MainPage.tsx?t=1786785832504:162:13 @ http://localhost:5173/src/Pages/MainPage.tsx?t=1786785832504:71
[10604919ms] [ERROR] Failed to load resource: net::ERR_NAME_NOT_RESOLVED @ https://api.cryptocast.live/btc:0
[10604919ms] [ERROR] error = TypeError: Failed to fetch
    at getBtcPrice (http://localhost:5173/src/Pages/MainPage.tsx?t=1786785832504:91:31)
    at fetchData (http://localhost:5173/src/Pages/MainPage.tsx?t=1786785832504:132:17)
    at http://localhost:5173/src/Pages/MainPage.tsx?t=1786785832504:162:13 @ http://localhost:5173/src/Pages/MainPage.tsx?t=1786785832504:97
[10604920ms] [ERROR] Failed to load resource: net::ERR_NAME_NOT_RESOLVED @ https://api.cryptocast.live/eth:0
[10604920ms] [ERROR] error = TypeError: Failed to fetch
    at getEthPrice (http://localhost:5173/src/Pages/MainPage.tsx?t=1786785832504:78:31)
    at fetchData (http://localhost:5173/src/Pages/MainPage.tsx?t=1786785832504:131:17)
    at http://localhost:5173/src/Pages/MainPage.tsx?t=1786785832504:162:13 @ http://localhost:5173/src/Pages/MainPage.tsx?t=1786785832504:84
[10604920ms] [ERROR] Failed to load resource: net::ERR_NAME_NOT_RESOLVED @ https://api.cryptocast.live/volatility/btc:0
[10604920ms] [ERROR] error = TypeError: Failed to fetch
    at getBtcError (http://localhost:5173/src/Pages/MainPage.tsx?t=1786785832504:117:31)
    at fetchData (http://localhost:5173/src/Pages/MainPage.tsx?t=1786785832504:136:17)
    at http://localhost:5173/src/Pages/MainPage.tsx?t=1786785832504:162:13 @ http://localhost:5173/src/Pages/MainPage.tsx?t=1786785832504:123
[10604920ms] [ERROR] Failed to load resource: net::ERR_NAME_NOT_RESOLVED @ https://api.cryptocast.live/volatility/eth:0
[10604920ms] [ERROR] error = TypeError: Failed to fetch
    at getEthError (http://localhost:5173/src/Pages/MainPage.tsx?t=1786785832504:104:31)
    at fetchData (http://localhost:5173/src/Pages/MainPage.tsx?t=1786785832504:135:17)
    at http://localhost:5173/src/Pages/MainPage.tsx?t=1786785832504:162:13 @ http://localhost:5173/src/Pages/MainPage.tsx?t=1786785832504:110
[10604920ms] [ERROR] Failed to load resource: net::ERR_NAME_NOT_RESOLVED @ https://api.cryptocast.live/verify/btc:0
[10604920ms] [ERROR] error = TypeError: Failed to fetch
    at getBtcVerified (http://localhost:5173/src/Pages/MainPage.tsx?t=1786785832504:52:31)
    at fetchData (http://localhost:5173/src/Pages/MainPage.tsx?t=1786785832504:134:17)
    at http://localhost:5173/src/Pages/MainPage.tsx?t=1786785832504:162:13 @ http://localhost:5173/src/Pages/MainPage.tsx?t=1786785832504:58
[10608074ms] [ERROR] error = SyntaxError: Unexpected token '<', "<!DOCTYPE "... is not valid JSON @ http://localhost:5173/src/Pages/MainPage.tsx?t=1786785835714:84
[10608083ms] [ERROR] error = SyntaxError: Unexpected token '<', "<!DOCTYPE "... is not valid JSON @ http://localhost:5173/src/Pages/MainPage.tsx?t=1786785835714:97
[10608085ms] [LOG] Container @ http://localhost:5173/src/Components/particleBakground.tsx:46
[10608086ms] [ERROR] error = SyntaxError: Unexpected token '<', "<!DOCTYPE "... is not valid JSON @ http://localhost:5173/src/Pages/MainPage.tsx?t=1786785835714:71
[10608086ms] [ERROR] error = SyntaxError: Unexpected token '<', "<!DOCTYPE "... is not valid JSON @ http://localhost:5173/src/Pages/MainPage.tsx?t=1786785835714:58
[10608087ms] [ERROR] error = SyntaxError: Unexpected token '<', "<!DOCTYPE "... is not valid JSON @ http://localhost:5173/src/Pages/MainPage.tsx?t=1786785835714:110
[10608087ms] [ERROR] error = SyntaxError: Unexpected token '<', "<!DOCTYPE "... is not valid JSON @ http://localhost:5173/src/Pages/MainPage.tsx?t=1786785835714:123
[10608087ms] [ERROR] error = SyntaxError: Unexpected token '<', "<!DOCTYPE "... is not valid JSON @ http://localhost:5173/src/Pages/MainPage.tsx?t=1786785835714:84
[10608088ms] [ERROR] error = SyntaxError: Unexpected token '<', "<!DOCTYPE "... is not valid JSON @ http://localhost:5173/src/Pages/MainPage.tsx?t=1786785835714:97
[10608088ms] [ERROR] error = SyntaxError: Unexpected token '<', "<!DOCTYPE "... is not valid JSON @ http://localhost:5173/src/Pages/MainPage.tsx?t=1786785835714:58
[10608089ms] [ERROR] error = SyntaxError: Unexpected token '<', "<!DOCTYPE "... is not valid JSON @ http://localhost:5173/src/Pages/MainPage.tsx?t=1786785835714:71
[10608091ms] [ERROR] error = SyntaxError: Unexpected token '<', "<!DOCTYPE "... is not valid JSON @ http://localhost:5173/src/Pages/MainPage.tsx?t=1786785835714:110
[10608092ms] [ERROR] error = SyntaxError: Unexpected token '<', "<!DOCTYPE "... is not valid JSON @ http://localhost:5173/src/Pages/MainPage.tsx?t=1786785835714:123
[11079640ms] [ERROR] Failed to load resource: net::ERR_NAME_NOT_RESOLVED @ https://api.cryptocast.live/eth:0
[11079640ms] [ERROR] error = TypeError: Failed to fetch
    at getEthPrice (http://localhost:5173/src/Pages/MainPage.tsx:77:31)
    at fetchData (http://localhost:5173/src/Pages/MainPage.tsx:130:17)
    at http://localhost:5173/src/Pages/MainPage.tsx:161:13 @ http://localhost:5173/src/Pages/MainPage.tsx:83
[11079641ms] [ERROR] Failed to load resource: net::ERR_NAME_NOT_RESOLVED @ https://api.cryptocast.live/btc:0
[11079641ms] [ERROR] error = TypeError: Failed to fetch
    at getBtcPrice (http://localhost:5173/src/Pages/MainPage.tsx:90:31)
    at fetchData (http://localhost:5173/src/Pages/MainPage.tsx:131:17)
    at http://localhost:5173/src/Pages/MainPage.tsx:161:13 @ http://localhost:5173/src/Pages/MainPage.tsx:96
[11079641ms] [ERROR] Failed to load resource: net::ERR_NAME_NOT_RESOLVED @ https://api.cryptocast.live/verify/eth:0
[11079641ms] [ERROR] error = TypeError: Failed to fetch
    at getEthVerified (http://localhost:5173/src/Pages/MainPage.tsx:64:31)
    at fetchData (http://localhost:5173/src/Pages/MainPage.tsx:132:17)
    at http://localhost:5173/src/Pages/MainPage.tsx:161:13 @ http://localhost:5173/src/Pages/MainPage.tsx:70
[11079642ms] [ERROR] Failed to load resource: net::ERR_NAME_NOT_RESOLVED @ https://api.cryptocast.live/verify/btc:0
[11079642ms] [ERROR] error = TypeError: Failed to fetch
    at getBtcVerified (http://localhost:5173/src/Pages/MainPage.tsx:51:31)
    at fetchData (http://localhost:5173/src/Pages/MainPage.tsx:133:17)
    at http://localhost:5173/src/Pages/MainPage.tsx:161:13 @ http://localhost:5173/src/Pages/MainPage.tsx:57
[11079642ms] [ERROR] Failed to load resource: net::ERR_NAME_NOT_RESOLVED @ https://api.cryptocast.live/volatility/eth:0
[11079642ms] [ERROR] error = TypeError: Failed to fetch
    at getEthError (http://localhost:5173/src/Pages/MainPage.tsx:103:31)
    at fetchData (http://localhost:5173/src/Pages/MainPage.tsx:134:17)
    at http://localhost:5173/src/Pages/MainPage.tsx:161:13 @ http://localhost:5173/src/Pages/MainPage.tsx:109
[11079642ms] [ERROR] Failed to load resource: net::ERR_NAME_NOT_RESOLVED @ https://api.cryptocast.live/volatility/btc:0
[11079642ms] [ERROR] error = TypeError: Failed to fetch
    at getBtcError (http://localhost:5173/src/Pages/MainPage.tsx:116:31)
    at fetchData (http://localhost:5173/src/Pages/MainPage.tsx:135:17)
    at http://localhost:5173/src/Pages/MainPage.tsx:161:13 @ http://localhost:5173/src/Pages/MainPage.tsx:122
[11079643ms] [ERROR] Failed to load resource: net::ERR_NAME_NOT_RESOLVED @ https://api.cryptocast.live/verify/eth:0
[11079643ms] [ERROR] error = TypeError: Failed to fetch
    at getEthVerified (http://localhost:5173/src/Pages/MainPage.tsx:64:31)
    at fetchData (http://localhost:5173/src/Pages/MainPage.tsx:132:17)
    at http://localhost:5173/src/Pages/MainPage.tsx:161:13 @ http://localhost:5173/src/Pages/MainPage.tsx:70
[11079643ms] [ERROR] Failed to load resource: net::ERR_NAME_NOT_RESOLVED @ https://api.cryptocast.live/btc:0
[11079643ms] [ERROR] error = TypeError: Failed to fetch
    at getBtcPrice (http://localhost:5173/src/Pages/MainPage.tsx:90:31)
    at fetchData (http://localhost:5173/src/Pages/MainPage.tsx:131:17)
    at http://localhost:5173/src/Pages/MainPage.tsx:161:13 @ http://localhost:5173/src/Pages/MainPage.tsx:96
[11079643ms] [ERROR] Failed to load resource: net::ERR_NAME_NOT_RESOLVED @ https://api.cryptocast.live/eth:0
[11079643ms] [ERROR] error = TypeError: Failed to fetch
    at getEthPrice (http://localhost:5173/src/Pages/MainPage.tsx:77:31)
    at fetchData (http://localhost:5173/src/Pages/MainPage.tsx:130:17)
    at http://localhost:5173/src/Pages/MainPage.tsx:161:13 @ http://localhost:5173/src/Pages/MainPage.tsx:83
[11079644ms] [ERROR] Failed to load resource: net::ERR_NAME_NOT_RESOLVED @ https://api.cryptocast.live/volatility/btc:0
[11079644ms] [ERROR] error = TypeError: Failed to fetch
    at getBtcError (http://localhost:5173/src/Pages/MainPage.tsx:116:31)
    at fetchData (http://localhost:5173/src/Pages/MainPage.tsx:135:17)
    at http://localhost:5173/src/Pages/MainPage.tsx:161:13 @ http://localhost:5173/src/Pages/MainPage.tsx:122
[11079644ms] [ERROR] Failed to load resource: net::ERR_NAME_NOT_RESOLVED @ https://api.cryptocast.live/volatility/eth:0
[11079644ms] [ERROR] error = TypeError: Failed to fetch
    at getEthError (http://localhost:5173/src/Pages/MainPage.tsx:103:31)
    at fetchData (http://localhost:5173/src/Pages/MainPage.tsx:134:17)
    at http://localhost:5173/src/Pages/MainPage.tsx:161:13 @ http://localhost:5173/src/Pages/MainPage.tsx:109
[11079644ms] [ERROR] Failed to load resource: net::ERR_NAME_NOT_RESOLVED @ https://api.cryptocast.live/verify/btc:0
[11079644ms] [ERROR] error = TypeError: Failed to fetch
    at getBtcVerified (http://localhost:5173/src/Pages/MainPage.tsx:51:31)
    at fetchData (http://localhost:5173/src/Pages/MainPage.tsx:133:17)
    at http://localhost:5173/src/Pages/MainPage.tsx:161:13 @ http://localhost:5173/src/Pages/MainPage.tsx:57
[11079653ms] [LOG] Container @ http://localhost:5173/src/Components/particleBakground.tsx:46
[11204917ms] [ERROR] Failed to load resource: net::ERR_NAME_NOT_RESOLVED @ https://api.cryptocast.live/eth:0
[11204917ms] [ERROR] error = TypeError: Failed to fetch
    at getEthPrice (http://localhost:5173/src/Pages/MainPage.tsx?t=1786785832504:78:31)
    at fetchData (http://localhost:5173/src/Pages/MainPage.tsx?t=1786785832504:131:17)
    at http://localhost:5173/src/Pages/MainPage.tsx?t=1786785832504:162:13 @ http://localhost:5173/src/Pages/MainPage.tsx?t=1786785832504:84
[11204917ms] [ERROR] Failed to load resource: net::ERR_NAME_NOT_RESOLVED @ https://api.cryptocast.live/btc:0
[11204917ms] [ERROR] error = TypeError: Failed to fetch
    at getBtcPrice (http://localhost:5173/src/Pages/MainPage.tsx?t=1786785832504:91:31)
    at fetchData (http://localhost:5173/src/Pages/MainPage.tsx?t=1786785832504:132:17)
    at http://localhost:5173/src/Pages/MainPage.tsx?t=1786785832504:162:13 @ http://localhost:5173/src/Pages/MainPage.tsx?t=1786785832504:97
[11204917ms] [ERROR] Failed to load resource: net::ERR_NAME_NOT_RESOLVED @ https://api.cryptocast.live/verify/eth:0
[11204917ms] [ERROR] error = TypeError: Failed to fetch
    at getEthVerified (http://localhost:5173/src/Pages/MainPage.tsx?t=1786785832504:65:31)
    at fetchData (http://localhost:5173/src/Pages/MainPage.tsx?t=1786785832504:133:17)
    at http://localhost:5173/src/Pages/MainPage.tsx?t=1786785832504:162:13 @ http://localhost:5173/src/Pages/MainPage.tsx?t=1786785832504:71
[11204918ms] [ERROR] Failed to load resource: net::ERR_NAME_NOT_RESOLVED @ https://api.cryptocast.live/verify/btc:0
[11204918ms] [ERROR] error = TypeError: Failed to fetch
    at getBtcVerified (http://localhost:5173/src/Pages/MainPage.tsx?t=1786785832504:52:31)
    at fetchData (http://localhost:5173/src/Pages/MainPage.tsx?t=1786785832504:134:17)
    at http://localhost:5173/src/Pages/MainPage.tsx?t=1786785832504:162:13 @ http://localhost:5173/src/Pages/MainPage.tsx?t=1786785832504:58
[11204918ms] [ERROR] Failed to load resource: net::ERR_NAME_NOT_RESOLVED @ https://api.cryptocast.live/volatility/eth:0
[11204918ms] [ERROR] error = TypeError: Failed to fetch
    at getEthError (http://localhost:5173/src/Pages/MainPage.tsx?t=1786785832504:104:31)
    at fetchData (http://localhost:5173/src/Pages/MainPage.tsx?t=1786785832504:135:17)
    at http://localhost:5173/src/Pages/MainPage.tsx?t=1786785832504:162:13 @ http://localhost:5173/src/Pages/MainPage.tsx?t=1786785832504:110
[11204918ms] [ERROR] Failed to load resource: net::ERR_NAME_NOT_RESOLVED @ https://api.cryptocast.live/volatility/btc:0
[11204918ms] [ERROR] error = TypeError: Failed to fetch
    at getBtcError (http://localhost:5173/src/Pages/MainPage.tsx?t=1786785832504:117:31)
    at fetchData (http://localhost:5173/src/Pages/MainPage.tsx?t=1786785832504:136:17)
    at http://localhost:5173/src/Pages/MainPage.tsx?t=1786785832504:162:13 @ http://localhost:5173/src/Pages/MainPage.tsx?t=1786785832504:123
[11204919ms] [ERROR] Failed to load resource: net::ERR_NAME_NOT_RESOLVED @ https://api.cryptocast.live/verify/eth:0
[11204919ms] [ERROR] error = TypeError: Failed to fetch
    at getEthVerified (http://localhost:5173/src/Pages/MainPage.tsx?t=1786785832504:65:31)
    at fetchData (http://localhost:5173/src/Pages/MainPage.tsx?t=1786785832504:133:17)
    at http://localhost:5173/src/Pages/MainPage.tsx?t=1786785832504:162:13 @ http://localhost:5173/src/Pages/MainPage.tsx?t=1786785832504:71
[11204920ms] [ERROR] Failed to load resource: net::ERR_NAME_NOT_RESOLVED @ https://api.cryptocast.live/btc:0
[11204920ms] [ERROR] error = TypeError: Failed to fetch
    at getBtcPrice (http://localhost:5173/src/Pages/MainPage.tsx?t=1786785832504:91:31)
    at fetchData (http://localhost:5173/src/Pages/MainPage.tsx?t=1786785832504:132:17)
    at http://localhost:5173/src/Pages/MainPage.tsx?t=1786785832504:162:13 @ http://localhost:5173/src/Pages/MainPage.tsx?t=1786785832504:97
[11204920ms] [ERROR] Failed to load resource: net::ERR_NAME_NOT_RESOLVED @ https://api.cryptocast.live/eth:0
[11204920ms] [ERROR] error = TypeError: Failed to fetch
    at getEthPrice (http://localhost:5173/src/Pages/MainPage.tsx?t=1786785832504:78:31)
    at fetchData (http://localhost:5173/src/Pages/MainPage.tsx?t=1786785832504:131:17)
    at http://localhost:5173/src/Pages/MainPage.tsx?t=1786785832504:162:13 @ http://localhost:5173/src/Pages/MainPage.tsx?t=1786785832504:84
[11204920ms] [ERROR] Failed to load resource: net::ERR_NAME_NOT_RESOLVED @ https://api.cryptocast.live/volatility/btc:0
[11204920ms] [ERROR] error = TypeError: Failed to fetch
    at getBtcError (http://localhost:5173/src/Pages/MainPage.tsx?t=1786785832504:117:31)
    at fetchData (http://localhost:5173/src/Pages/MainPage.tsx?t=1786785832504:136:17)
    at http://localhost:5173/src/Pages/MainPage.tsx?t=1786785832504:162:13 @ http://localhost:5173/src/Pages/MainPage.tsx?t=1786785832504:123
[11204920ms] [ERROR] Failed to load resource: net::ERR_NAME_NOT_RESOLVED @ https://api.cryptocast.live/volatility/eth:0
[11204920ms] [ERROR] error = TypeError: Failed to fetch
    at getEthError (http://localhost:5173/src/Pages/MainPage.tsx?t=1786785832504:104:31)
    at fetchData (http://localhost:5173/src/Pages/MainPage.tsx?t=1786785832504:135:17)
    at http://localhost:5173/src/Pages/MainPage.tsx?t=1786785832504:162:13 @ http://localhost:5173/src/Pages/MainPage.tsx?t=1786785832504:110
[11204920ms] [ERROR] Failed to load resource: net::ERR_NAME_NOT_RESOLVED @ https://api.cryptocast.live/verify/btc:0
[11204920ms] [ERROR] error = TypeError: Failed to fetch
    at getBtcVerified (http://localhost:5173/src/Pages/MainPage.tsx?t=1786785832504:52:31)
    at fetchData (http://localhost:5173/src/Pages/MainPage.tsx?t=1786785832504:134:17)
    at http://localhost:5173/src/Pages/MainPage.tsx?t=1786785832504:162:13 @ http://localhost:5173/src/Pages/MainPage.tsx?t=1786785832504:58
[11208094ms] [ERROR] error = SyntaxError: Unexpected token '<', "<!DOCTYPE "... is not valid JSON @ http://localhost:5173/src/Pages/MainPage.tsx?t=1786785835714:84
[11208095ms] [ERROR] error = SyntaxError: Unexpected token '<', "<!DOCTYPE "... is not valid JSON @ http://localhost:5173/src/Pages/MainPage.tsx?t=1786785835714:97
[11208095ms] [ERROR] error = SyntaxError: Unexpected token '<', "<!DOCTYPE "... is not valid JSON @ http://localhost:5173/src/Pages/MainPage.tsx?t=1786785835714:71
[11208104ms] [ERROR] error = SyntaxError: Unexpected token '<', "<!DOCTYPE "... is not valid JSON @ http://localhost:5173/src/Pages/MainPage.tsx?t=1786785835714:58
[11208105ms] [LOG] Container @ http://localhost:5173/src/Components/particleBakground.tsx:46
[11208106ms] [ERROR] error = SyntaxError: Unexpected token '<', "<!DOCTYPE "... is not valid JSON @ http://localhost:5173/src/Pages/MainPage.tsx?t=1786785835714:110
[11208106ms] [ERROR] error = SyntaxError: Unexpected token '<', "<!DOCTYPE "... is not valid JSON @ http://localhost:5173/src/Pages/MainPage.tsx?t=1786785835714:123
[11208106ms] [ERROR] error = SyntaxError: Unexpected token '<', "<!DOCTYPE "... is not valid JSON @ http://localhost:5173/src/Pages/MainPage.tsx?t=1786785835714:84
[11208107ms] [ERROR] error = SyntaxError: Unexpected token '<', "<!DOCTYPE "... is not valid JSON @ http://localhost:5173/src/Pages/MainPage.tsx?t=1786785835714:97
[11208107ms] [ERROR] error = SyntaxError: Unexpected token '<', "<!DOCTYPE "... is not valid JSON @ http://localhost:5173/src/Pages/MainPage.tsx?t=1786785835714:71
[11208107ms] [ERROR] error = SyntaxError: Unexpected token '<', "<!DOCTYPE "... is not valid JSON @ http://localhost:5173/src/Pages/MainPage.tsx?t=1786785835714:58
[11208108ms] [ERROR] error = SyntaxError: Unexpected token '<', "<!DOCTYPE "... is not valid JSON @ http://localhost:5173/src/Pages/MainPage.tsx?t=1786785835714:110
[11208108ms] [ERROR] error = SyntaxError: Unexpected token '<', "<!DOCTYPE "... is not valid JSON @ http://localhost:5173/src/Pages/MainPage.tsx?t=1786785835714:123
[11679642ms] [ERROR] Failed to load resource: net::ERR_NAME_NOT_RESOLVED @ https://api.cryptocast.live/eth:0
[11679642ms] [ERROR] error = TypeError: Failed to fetch
    at getEthPrice (http://localhost:5173/src/Pages/MainPage.tsx:77:31)
    at fetchData (http://localhost:5173/src/Pages/MainPage.tsx:130:17)
    at http://localhost:5173/src/Pages/MainPage.tsx:161:13 @ http://localhost:5173/src/Pages/MainPage.tsx:83
[11679644ms] [ERROR] Failed to load resource: net::ERR_NAME_NOT_RESOLVED @ https://api.cryptocast.live/btc:0
[11679644ms] [ERROR] error = TypeError: Failed to fetch
    at getBtcPrice (http://localhost:5173/src/Pages/MainPage.tsx:90:31)
    at fetchData (http://localhost:5173/src/Pages/MainPage.tsx:131:17)
    at http://localhost:5173/src/Pages/MainPage.tsx:161:13 @ http://localhost:5173/src/Pages/MainPage.tsx:96
[11679644ms] [ERROR] Failed to load resource: net::ERR_NAME_NOT_RESOLVED @ https://api.cryptocast.live/verify/eth:0
[11679644ms] [ERROR] error = TypeError: Failed to fetch
    at getEthVerified (http://localhost:5173/src/Pages/MainPage.tsx:64:31)
    at fetchData (http://localhost:5173/src/Pages/MainPage.tsx:132:17)
    at http://localhost:5173/src/Pages/MainPage.tsx:161:13 @ http://localhost:5173/src/Pages/MainPage.tsx:70
[11679644ms] [ERROR] Failed to load resource: net::ERR_NAME_NOT_RESOLVED @ https://api.cryptocast.live/verify/btc:0
[11679644ms] [ERROR] error = TypeError: Failed to fetch
    at getBtcVerified (http://localhost:5173/src/Pages/MainPage.tsx:51:31)
    at fetchData (http://localhost:5173/src/Pages/MainPage.tsx:133:17)
    at http://localhost:5173/src/Pages/MainPage.tsx:161:13 @ http://localhost:5173/src/Pages/MainPage.tsx:57
[11679644ms] [ERROR] Failed to load resource: net::ERR_NAME_NOT_RESOLVED @ https://api.cryptocast.live/volatility/eth:0
[11679644ms] [ERROR] error = TypeError: Failed to fetch
    at getEthError (http://localhost:5173/src/Pages/MainPage.tsx:103:31)
    at fetchData (http://localhost:5173/src/Pages/MainPage.tsx:134:17)
    at http://localhost:5173/src/Pages/MainPage.tsx:161:13 @ http://localhost:5173/src/Pages/MainPage.tsx:109
[11679644ms] [ERROR] Failed to load resource: net::ERR_NAME_NOT_RESOLVED @ https://api.cryptocast.live/volatility/btc:0
[11679644ms] [ERROR] error = TypeError: Failed to fetch
    at getBtcError (http://localhost:5173/src/Pages/MainPage.tsx:116:31)
    at fetchData (http://localhost:5173/src/Pages/MainPage.tsx:135:17)
    at http://localhost:5173/src/Pages/MainPage.tsx:161:13 @ http://localhost:5173/src/Pages/MainPage.tsx:122
[11679644ms] [ERROR] Failed to load resource: net::ERR_NAME_NOT_RESOLVED @ https://api.cryptocast.live/verify/eth:0
[11679644ms] [ERROR] error = TypeError: Failed to fetch
    at getEthVerified (http://localhost:5173/src/Pages/MainPage.tsx:64:31)
    at fetchData (http://localhost:5173/src/Pages/MainPage.tsx:132:17)
    at http://localhost:5173/src/Pages/MainPage.tsx:161:13 @ http://localhost:5173/src/Pages/MainPage.tsx:70
[11679644ms] [ERROR] Failed to load resource: net::ERR_NAME_NOT_RESOLVED @ https://api.cryptocast.live/btc:0
[11679644ms] [ERROR] error = TypeError: Failed to fetch
    at getBtcPrice (http://localhost:5173/src/Pages/MainPage.tsx:90:31)
    at fetchData (http://localhost:5173/src/Pages/MainPage.tsx:131:17)
    at http://localhost:5173/src/Pages/MainPage.tsx:161:13 @ http://localhost:5173/src/Pages/MainPage.tsx:96
[11679644ms] [ERROR] Failed to load resource: net::ERR_NAME_NOT_RESOLVED @ https://api.cryptocast.live/eth:0
[11679644ms] [ERROR] error = TypeError: Failed to fetch
    at getEthPrice (http://localhost:5173/src/Pages/MainPage.tsx:77:31)
    at fetchData (http://localhost:5173/src/Pages/MainPage.tsx:130:17)
    at http://localhost:5173/src/Pages/MainPage.tsx:161:13 @ http://localhost:5173/src/Pages/MainPage.tsx:83
[11679645ms] [ERROR] Failed to load resource: net::ERR_NAME_NOT_RESOLVED @ https://api.cryptocast.live/volatility/btc:0
[11679645ms] [ERROR] error = TypeError: Failed to fetch
    at getBtcError (http://localhost:5173/src/Pages/MainPage.tsx:116:31)
    at fetchData (http://localhost:5173/src/Pages/MainPage.tsx:135:17)
    at http://localhost:5173/src/Pages/MainPage.tsx:161:13 @ http://localhost:5173/src/Pages/MainPage.tsx:122
[11679657ms] [ERROR] Failed to load resource: net::ERR_NAME_NOT_RESOLVED @ https://api.cryptocast.live/volatility/eth:0
[11679657ms] [ERROR] error = TypeError: Failed to fetch
    at getEthError (http://localhost:5173/src/Pages/MainPage.tsx:103:31)
    at fetchData (http://localhost:5173/src/Pages/MainPage.tsx:134:17)
    at http://localhost:5173/src/Pages/MainPage.tsx:161:13 @ http://localhost:5173/src/Pages/MainPage.tsx:109
[11679657ms] [ERROR] Failed to load resource: net::ERR_NAME_NOT_RESOLVED @ https://api.cryptocast.live/verify/btc:0
[11679657ms] [ERROR] error = TypeError: Failed to fetch
    at getBtcVerified (http://localhost:5173/src/Pages/MainPage.tsx:51:31)
    at fetchData (http://localhost:5173/src/Pages/MainPage.tsx:133:17)
    at http://localhost:5173/src/Pages/MainPage.tsx:161:13 @ http://localhost:5173/src/Pages/MainPage.tsx:57
[11679659ms] [LOG] Container @ http://localhost:5173/src/Components/particleBakground.tsx:46
[11804922ms] [ERROR] Failed to load resource: net::ERR_NAME_NOT_RESOLVED @ https://api.cryptocast.live/eth:0
[11804922ms] [ERROR] error = TypeError: Failed to fetch
    at getEthPrice (http://localhost:5173/src/Pages/MainPage.tsx?t=1786785832504:78:31)
    at fetchData (http://localhost:5173/src/Pages/MainPage.tsx?t=1786785832504:131:17)
    at http://localhost:5173/src/Pages/MainPage.tsx?t=1786785832504:162:13 @ http://localhost:5173/src/Pages/MainPage.tsx?t=1786785832504:84
[11804922ms] [ERROR] Failed to load resource: net::ERR_NAME_NOT_RESOLVED @ https://api.cryptocast.live/btc:0
[11804922ms] [ERROR] error = TypeError: Failed to fetch
    at getBtcPrice (http://localhost:5173/src/Pages/MainPage.tsx?t=1786785832504:91:31)
    at fetchData (http://localhost:5173/src/Pages/MainPage.tsx?t=1786785832504:132:17)
    at http://localhost:5173/src/Pages/MainPage.tsx?t=1786785832504:162:13 @ http://localhost:5173/src/Pages/MainPage.tsx?t=1786785832504:97
[11804922ms] [ERROR] Failed to load resource: net::ERR_NAME_NOT_RESOLVED @ https://api.cryptocast.live/verify/eth:0
[11804922ms] [ERROR] error = TypeError: Failed to fetch
    at getEthVerified (http://localhost:5173/src/Pages/MainPage.tsx?t=1786785832504:65:31)
    at fetchData (http://localhost:5173/src/Pages/MainPage.tsx?t=1786785832504:133:17)
    at http://localhost:5173/src/Pages/MainPage.tsx?t=1786785832504:162:13 @ http://localhost:5173/src/Pages/MainPage.tsx?t=1786785832504:71
[11804923ms] [ERROR] Failed to load resource: net::ERR_NAME_NOT_RESOLVED @ https://api.cryptocast.live/verify/btc:0
[11804923ms] [ERROR] error = TypeError: Failed to fetch
    at getBtcVerified (http://localhost:5173/src/Pages/MainPage.tsx?t=1786785832504:52:31)
    at fetchData (http://localhost:5173/src/Pages/MainPage.tsx?t=1786785832504:134:17)
    at http://localhost:5173/src/Pages/MainPage.tsx?t=1786785832504:162:13 @ http://localhost:5173/src/Pages/MainPage.tsx?t=1786785832504:58
[11804923ms] [ERROR] Failed to load resource: net::ERR_NAME_NOT_RESOLVED @ https://api.cryptocast.live/volatility/eth:0
[11804923ms] [ERROR] error = TypeError: Failed to fetch
    at getEthError (http://localhost:5173/src/Pages/MainPage.tsx?t=1786785832504:104:31)
    at fetchData (http://localhost:5173/src/Pages/MainPage.tsx?t=1786785832504:135:17)
    at http://localhost:5173/src/Pages/MainPage.tsx?t=1786785832504:162:13 @ http://localhost:5173/src/Pages/MainPage.tsx?t=1786785832504:110
[11804923ms] [ERROR] Failed to load resource: net::ERR_NAME_NOT_RESOLVED @ https://api.cryptocast.live/volatility/btc:0
[11804923ms] [ERROR] error = TypeError: Failed to fetch
    at getBtcError (http://localhost:5173/src/Pages/MainPage.tsx?t=1786785832504:117:31)
    at fetchData (http://localhost:5173/src/Pages/MainPage.tsx?t=1786785832504:136:17)
    at http://localhost:5173/src/Pages/MainPage.tsx?t=1786785832504:162:13 @ http://localhost:5173/src/Pages/MainPage.tsx?t=1786785832504:123
[11804924ms] [ERROR] Failed to load resource: net::ERR_NAME_NOT_RESOLVED @ https://api.cryptocast.live/verify/eth:0
[11804924ms] [ERROR] error = TypeError: Failed to fetch
    at getEthVerified (http://localhost:5173/src/Pages/MainPage.tsx?t=1786785832504:65:31)
    at fetchData (http://localhost:5173/src/Pages/MainPage.tsx?t=1786785832504:133:17)
    at http://localhost:5173/src/Pages/MainPage.tsx?t=1786785832504:162:13 @ http://localhost:5173/src/Pages/MainPage.tsx?t=1786785832504:71
[11804924ms] [ERROR] Failed to load resource: net::ERR_NAME_NOT_RESOLVED @ https://api.cryptocast.live/btc:0
[11804924ms] [ERROR] error = TypeError: Failed to fetch
    at getBtcPrice (http://localhost:5173/src/Pages/MainPage.tsx?t=1786785832504:91:31)
    at fetchData (http://localhost:5173/src/Pages/MainPage.tsx?t=1786785832504:132:17)
    at http://localhost:5173/src/Pages/MainPage.tsx?t=1786785832504:162:13 @ http://localhost:5173/src/Pages/MainPage.tsx?t=1786785832504:97
[11804924ms] [ERROR] Failed to load resource: net::ERR_NAME_NOT_RESOLVED @ https://api.cryptocast.live/eth:0
[11804924ms] [ERROR] error = TypeError: Failed to fetch
    at getEthPrice (http://localhost:5173/src/Pages/MainPage.tsx?t=1786785832504:78:31)
    at fetchData (http://localhost:5173/src/Pages/MainPage.tsx?t=1786785832504:131:17)
    at http://localhost:5173/src/Pages/MainPage.tsx?t=1786785832504:162:13 @ http://localhost:5173/src/Pages/MainPage.tsx?t=1786785832504:84
[11804924ms] [ERROR] Failed to load resource: net::ERR_NAME_NOT_RESOLVED @ https://api.cryptocast.live/volatility/btc:0
[11804924ms] [ERROR] error = TypeError: Failed to fetch
    at getBtcError (http://localhost:5173/src/Pages/MainPage.tsx?t=1786785832504:117:31)
    at fetchData (http://localhost:5173/src/Pages/MainPage.tsx?t=1786785832504:136:17)
    at http://localhost:5173/src/Pages/MainPage.tsx?t=1786785832504:162:13 @ http://localhost:5173/src/Pages/MainPage.tsx?t=1786785832504:123
[11804924ms] [ERROR] Failed to load resource: net::ERR_NAME_NOT_RESOLVED @ https://api.cryptocast.live/volatility/eth:0
[11804924ms] [ERROR] error = TypeError: Failed to fetch
    at getEthError (http://localhost:5173/src/Pages/MainPage.tsx?t=1786785832504:104:31)
    at fetchData (http://localhost:5173/src/Pages/MainPage.tsx?t=1786785832504:135:17)
    at http://localhost:5173/src/Pages/MainPage.tsx?t=1786785832504:162:13 @ http://localhost:5173/src/Pages/MainPage.tsx?t=1786785832504:110
[11804924ms] [ERROR] Failed to load resource: net::ERR_NAME_NOT_RESOLVED @ https://api.cryptocast.live/verify/btc:0
[11804924ms] [ERROR] error = TypeError: Failed to fetch
    at getBtcVerified (http://localhost:5173/src/Pages/MainPage.tsx?t=1786785832504:52:31)
    at fetchData (http://localhost:5173/src/Pages/MainPage.tsx?t=1786785832504:134:17)
    at http://localhost:5173/src/Pages/MainPage.tsx?t=1786785832504:162:13 @ http://localhost:5173/src/Pages/MainPage.tsx?t=1786785832504:58
[11808112ms] [ERROR] error = SyntaxError: Unexpected token '<', "<!DOCTYPE "... is not valid JSON @ http://localhost:5173/src/Pages/MainPage.tsx?t=1786785835714:84
[11808113ms] [ERROR] error = SyntaxError: Unexpected token '<', "<!DOCTYPE "... is not valid JSON @ http://localhost:5173/src/Pages/MainPage.tsx?t=1786785835714:97
[11808114ms] [ERROR] error = SyntaxError: Unexpected token '<', "<!DOCTYPE "... is not valid JSON @ http://localhost:5173/src/Pages/MainPage.tsx?t=1786785835714:71
[11808121ms] [ERROR] error = SyntaxError: Unexpected token '<', "<!DOCTYPE "... is not valid JSON @ http://localhost:5173/src/Pages/MainPage.tsx?t=1786785835714:58
[11808122ms] [ERROR] error = SyntaxError: Unexpected token '<', "<!DOCTYPE "... is not valid JSON @ http://localhost:5173/src/Pages/MainPage.tsx?t=1786785835714:110
[11808122ms] [ERROR] error = SyntaxError: Unexpected token '<', "<!DOCTYPE "... is not valid JSON @ http://localhost:5173/src/Pages/MainPage.tsx?t=1786785835714:123
[11808123ms] [ERROR] error = SyntaxError: Unexpected token '<', "<!DOCTYPE "... is not valid JSON @ http://localhost:5173/src/Pages/MainPage.tsx?t=1786785835714:84
[11808125ms] [LOG] Container @ http://localhost:5173/src/Components/particleBakground.tsx:46
[11808126ms] [ERROR] error = SyntaxError: Unexpected token '<', "<!DOCTYPE "... is not valid JSON @ http://localhost:5173/src/Pages/MainPage.tsx?t=1786785835714:97
[11808127ms] [ERROR] error = SyntaxError: Unexpected token '<', "<!DOCTYPE "... is not valid JSON @ http://localhost:5173/src/Pages/MainPage.tsx?t=1786785835714:71
[11808127ms] [ERROR] error = SyntaxError: Unexpected token '<', "<!DOCTYPE "... is not valid JSON @ http://localhost:5173/src/Pages/MainPage.tsx?t=1786785835714:58
[11808127ms] [ERROR] error = SyntaxError: Unexpected token '<', "<!DOCTYPE "... is not valid JSON @ http://localhost:5173/src/Pages/MainPage.tsx?t=1786785835714:110
[11808127ms] [ERROR] error = SyntaxError: Unexpected token '<', "<!DOCTYPE "... is not valid JSON @ http://localhost:5173/src/Pages/MainPage.tsx?t=1786785835714:123
[12279896ms] [ERROR] Failed to load resource: net::ERR_NAME_NOT_RESOLVED @ https://api.cryptocast.live/eth:0
[12279896ms] [ERROR] error = TypeError: Failed to fetch
    at getEthPrice (http://localhost:5173/src/Pages/MainPage.tsx:77:31)
    at fetchData (http://localhost:5173/src/Pages/MainPage.tsx:130:17)
    at http://localhost:5173/src/Pages/MainPage.tsx:161:13 @ http://localhost:5173/src/Pages/MainPage.tsx:83
[12279900ms] [ERROR] Failed to load resource: net::ERR_NAME_NOT_RESOLVED @ https://api.cryptocast.live/btc:0
[12279900ms] [ERROR] error = TypeError: Failed to fetch
    at getBtcPrice (http://localhost:5173/src/Pages/MainPage.tsx:90:31)
    at fetchData (http://localhost:5173/src/Pages/MainPage.tsx:131:17)
    at http://localhost:5173/src/Pages/MainPage.tsx:161:13 @ http://localhost:5173/src/Pages/MainPage.tsx:96
[12279901ms] [ERROR] Failed to load resource: net::ERR_NAME_NOT_RESOLVED @ https://api.cryptocast.live/verify/eth:0
[12279901ms] [ERROR] error = TypeError: Failed to fetch
    at getEthVerified (http://localhost:5173/src/Pages/MainPage.tsx:64:31)
    at fetchData (http://localhost:5173/src/Pages/MainPage.tsx:132:17)
    at http://localhost:5173/src/Pages/MainPage.tsx:161:13 @ http://localhost:5173/src/Pages/MainPage.tsx:70
[12279901ms] [ERROR] Failed to load resource: net::ERR_NAME_NOT_RESOLVED @ https://api.cryptocast.live/verify/btc:0
[12279901ms] [ERROR] error = TypeError: Failed to fetch
    at getBtcVerified (http://localhost:5173/src/Pages/MainPage.tsx:51:31)
    at fetchData (http://localhost:5173/src/Pages/MainPage.tsx:133:17)
    at http://localhost:5173/src/Pages/MainPage.tsx:161:13 @ http://localhost:5173/src/Pages/MainPage.tsx:57
[12279901ms] [ERROR] Failed to load resource: net::ERR_NAME_NOT_RESOLVED @ https://api.cryptocast.live/volatility/eth:0
[12279901ms] [ERROR] error = TypeError: Failed to fetch
    at getEthError (http://localhost:5173/src/Pages/MainPage.tsx:103:31)
    at fetchData (http://localhost:5173/src/Pages/MainPage.tsx:134:17)
    at http://localhost:5173/src/Pages/MainPage.tsx:161:13 @ http://localhost:5173/src/Pages/MainPage.tsx:109
[12279901ms] [ERROR] Failed to load resource: net::ERR_NAME_NOT_RESOLVED @ https://api.cryptocast.live/volatility/btc:0
[12279901ms] [ERROR] error = TypeError: Failed to fetch
    at getBtcError (http://localhost:5173/src/Pages/MainPage.tsx:116:31)
    at fetchData (http://localhost:5173/src/Pages/MainPage.tsx:135:17)
    at http://localhost:5173/src/Pages/MainPage.tsx:161:13 @ http://localhost:5173/src/Pages/MainPage.tsx:122
[12279901ms] [ERROR] Failed to load resource: net::ERR_NAME_NOT_RESOLVED @ https://api.cryptocast.live/verify/eth:0
[12279901ms] [ERROR] error = TypeError: Failed to fetch
    at getEthVerified (http://localhost:5173/src/Pages/MainPage.tsx:64:31)
    at fetchData (http://localhost:5173/src/Pages/MainPage.tsx:132:17)
    at http://localhost:5173/src/Pages/MainPage.tsx:161:13 @ http://localhost:5173/src/Pages/MainPage.tsx:70
[12279901ms] [ERROR] Failed to load resource: net::ERR_NAME_NOT_RESOLVED @ https://api.cryptocast.live/btc:0
[12279901ms] [ERROR] error = TypeError: Failed to fetch
    at getBtcPrice (http://localhost:5173/src/Pages/MainPage.tsx:90:31)
    at fetchData (http://localhost:5173/src/Pages/MainPage.tsx:131:17)
    at http://localhost:5173/src/Pages/MainPage.tsx:161:13 @ http://localhost:5173/src/Pages/MainPage.tsx:96
[12279902ms] [ERROR] Failed to load resource: net::ERR_NAME_NOT_RESOLVED @ https://api.cryptocast.live/eth:0
[12279902ms] [ERROR] error = TypeError: Failed to fetch
    at getEthPrice (http://localhost:5173/src/Pages/MainPage.tsx:77:31)
    at fetchData (http://localhost:5173/src/Pages/MainPage.tsx:130:17)
    at http://localhost:5173/src/Pages/MainPage.tsx:161:13 @ http://localhost:5173/src/Pages/MainPage.tsx:83
[12279902ms] [ERROR] Failed to load resource: net::ERR_NAME_NOT_RESOLVED @ https://api.cryptocast.live/volatility/eth:0
[12279902ms] [ERROR] error = TypeError: Failed to fetch
    at getEthError (http://localhost:5173/src/Pages/MainPage.tsx:103:31)
    at fetchData (http://localhost:5173/src/Pages/MainPage.tsx:134:17)
    at http://localhost:5173/src/Pages/MainPage.tsx:161:13 @ http://localhost:5173/src/Pages/MainPage.tsx:109
[12279902ms] [ERROR] Failed to load resource: net::ERR_NAME_NOT_RESOLVED @ https://api.cryptocast.live/verify/btc:0
[12279902ms] [ERROR] error = TypeError: Failed to fetch
    at getBtcVerified (http://localhost:5173/src/Pages/MainPage.tsx:51:31)
    at fetchData (http://localhost:5173/src/Pages/MainPage.tsx:133:17)
    at http://localhost:5173/src/Pages/MainPage.tsx:161:13 @ http://localhost:5173/src/Pages/MainPage.tsx:57
[12279902ms] [ERROR] Failed to load resource: net::ERR_NAME_NOT_RESOLVED @ https://api.cryptocast.live/volatility/btc:0
[12279902ms] [ERROR] error = TypeError: Failed to fetch
    at getBtcError (http://localhost:5173/src/Pages/MainPage.tsx:116:31)
    at fetchData (http://localhost:5173/src/Pages/MainPage.tsx:135:17)
    at http://localhost:5173/src/Pages/MainPage.tsx:161:13 @ http://localhost:5173/src/Pages/MainPage.tsx:122
[12279926ms] [LOG] Container @ http://localhost:5173/src/Components/particleBakground.tsx:46
[12404920ms] [ERROR] Failed to load resource: net::ERR_NAME_NOT_RESOLVED @ https://api.cryptocast.live/eth:0
[12404920ms] [ERROR] error = TypeError: Failed to fetch
    at getEthPrice (http://localhost:5173/src/Pages/MainPage.tsx?t=1786785832504:78:31)
    at fetchData (http://localhost:5173/src/Pages/MainPage.tsx?t=1786785832504:131:17)
    at http://localhost:5173/src/Pages/MainPage.tsx?t=1786785832504:162:13 @ http://localhost:5173/src/Pages/MainPage.tsx?t=1786785832504:84
[12404921ms] [ERROR] Failed to load resource: net::ERR_NAME_NOT_RESOLVED @ https://api.cryptocast.live/btc:0
[12404921ms] [ERROR] error = TypeError: Failed to fetch
    at getBtcPrice (http://localhost:5173/src/Pages/MainPage.tsx?t=1786785832504:91:31)
    at fetchData (http://localhost:5173/src/Pages/MainPage.tsx?t=1786785832504:132:17)
    at http://localhost:5173/src/Pages/MainPage.tsx?t=1786785832504:162:13 @ http://localhost:5173/src/Pages/MainPage.tsx?t=1786785832504:97
[12404922ms] [ERROR] Failed to load resource: net::ERR_NAME_NOT_RESOLVED @ https://api.cryptocast.live/verify/eth:0
[12404922ms] [ERROR] error = TypeError: Failed to fetch
    at getEthVerified (http://localhost:5173/src/Pages/MainPage.tsx?t=1786785832504:65:31)
    at fetchData (http://localhost:5173/src/Pages/MainPage.tsx?t=1786785832504:133:17)
    at http://localhost:5173/src/Pages/MainPage.tsx?t=1786785832504:162:13 @ http://localhost:5173/src/Pages/MainPage.tsx?t=1786785832504:71
[12404922ms] [ERROR] Failed to load resource: net::ERR_NAME_NOT_RESOLVED @ https://api.cryptocast.live/verify/btc:0
[12404922ms] [ERROR] error = TypeError: Failed to fetch
    at getBtcVerified (http://localhost:5173/src/Pages/MainPage.tsx?t=1786785832504:52:31)
    at fetchData (http://localhost:5173/src/Pages/MainPage.tsx?t=1786785832504:134:17)
    at http://localhost:5173/src/Pages/MainPage.tsx?t=1786785832504:162:13 @ http://localhost:5173/src/Pages/MainPage.tsx?t=1786785832504:58
[12404922ms] [ERROR] Failed to load resource: net::ERR_NAME_NOT_RESOLVED @ https://api.cryptocast.live/volatility/eth:0
[12404922ms] [ERROR] error = TypeError: Failed to fetch
    at getEthError (http://localhost:5173/src/Pages/MainPage.tsx?t=1786785832504:104:31)
    at fetchData (http://localhost:5173/src/Pages/MainPage.tsx?t=1786785832504:135:17)
    at http://localhost:5173/src/Pages/MainPage.tsx?t=1786785832504:162:13 @ http://localhost:5173/src/Pages/MainPage.tsx?t=1786785832504:110
[12404923ms] [ERROR] Failed to load resource: net::ERR_NAME_NOT_RESOLVED @ https://api.cryptocast.live/volatility/btc:0
[12404923ms] [ERROR] error = TypeError: Failed to fetch
    at getBtcError (http://localhost:5173/src/Pages/MainPage.tsx?t=1786785832504:117:31)
    at fetchData (http://localhost:5173/src/Pages/MainPage.tsx?t=1786785832504:136:17)
    at http://localhost:5173/src/Pages/MainPage.tsx?t=1786785832504:162:13 @ http://localhost:5173/src/Pages/MainPage.tsx?t=1786785832504:123
[12404923ms] [ERROR] Failed to load resource: net::ERR_NAME_NOT_RESOLVED @ https://api.cryptocast.live/verify/eth:0
[12404923ms] [ERROR] error = TypeError: Failed to fetch
    at getEthVerified (http://localhost:5173/src/Pages/MainPage.tsx?t=1786785832504:65:31)
    at fetchData (http://localhost:5173/src/Pages/MainPage.tsx?t=1786785832504:133:17)
    at http://localhost:5173/src/Pages/MainPage.tsx?t=1786785832504:162:13 @ http://localhost:5173/src/Pages/MainPage.tsx?t=1786785832504:71
[12404923ms] [ERROR] Failed to load resource: net::ERR_NAME_NOT_RESOLVED @ https://api.cryptocast.live/btc:0
[12404923ms] [ERROR] error = TypeError: Failed to fetch
    at getBtcPrice (http://localhost:5173/src/Pages/MainPage.tsx?t=1786785832504:91:31)
    at fetchData (http://localhost:5173/src/Pages/MainPage.tsx?t=1786785832504:132:17)
    at http://localhost:5173/src/Pages/MainPage.tsx?t=1786785832504:162:13 @ http://localhost:5173/src/Pages/MainPage.tsx?t=1786785832504:97
[12404923ms] [ERROR] Failed to load resource: net::ERR_NAME_NOT_RESOLVED @ https://api.cryptocast.live/eth:0
[12404923ms] [ERROR] error = TypeError: Failed to fetch
    at getEthPrice (http://localhost:5173/src/Pages/MainPage.tsx?t=1786785832504:78:31)
    at fetchData (http://localhost:5173/src/Pages/MainPage.tsx?t=1786785832504:131:17)
    at http://localhost:5173/src/Pages/MainPage.tsx?t=1786785832504:162:13 @ http://localhost:5173/src/Pages/MainPage.tsx?t=1786785832504:84
[12404924ms] [ERROR] Failed to load resource: net::ERR_NAME_NOT_RESOLVED @ https://api.cryptocast.live/volatility/btc:0
[12404924ms] [ERROR] error = TypeError: Failed to fetch
    at getBtcError (http://localhost:5173/src/Pages/MainPage.tsx?t=1786785832504:117:31)
    at fetchData (http://localhost:5173/src/Pages/MainPage.tsx?t=1786785832504:136:17)
    at http://localhost:5173/src/Pages/MainPage.tsx?t=1786785832504:162:13 @ http://localhost:5173/src/Pages/MainPage.tsx?t=1786785832504:123
[12404924ms] [ERROR] Failed to load resource: net::ERR_NAME_NOT_RESOLVED @ https://api.cryptocast.live/volatility/eth:0
[12404924ms] [ERROR] error = TypeError: Failed to fetch
    at getEthError (http://localhost:5173/src/Pages/MainPage.tsx?t=1786785832504:104:31)
    at fetchData (http://localhost:5173/src/Pages/MainPage.tsx?t=1786785832504:135:17)
    at http://localhost:5173/src/Pages/MainPage.tsx?t=1786785832504:162:13 @ http://localhost:5173/src/Pages/MainPage.tsx?t=1786785832504:110
[12404924ms] [ERROR] Failed to load resource: net::ERR_NAME_NOT_RESOLVED @ https://api.cryptocast.live/verify/btc:0
[12404924ms] [ERROR] error = TypeError: Failed to fetch
    at getBtcVerified (http://localhost:5173/src/Pages/MainPage.tsx?t=1786785832504:52:31)
    at fetchData (http://localhost:5173/src/Pages/MainPage.tsx?t=1786785832504:134:17)
    at http://localhost:5173/src/Pages/MainPage.tsx?t=1786785832504:162:13 @ http://localhost:5173/src/Pages/MainPage.tsx?t=1786785832504:58
[12408092ms] [ERROR] error = SyntaxError: Unexpected token '<', "<!DOCTYPE "... is not valid JSON @ http://localhost:5173/src/Pages/MainPage.tsx?t=1786785835714:84
[12408093ms] [ERROR] error = SyntaxError: Unexpected token '<', "<!DOCTYPE "... is not valid JSON @ http://localhost:5173/src/Pages/MainPage.tsx?t=1786785835714:97
[12408093ms] [ERROR] error = SyntaxError: Unexpected token '<', "<!DOCTYPE "... is not valid JSON @ http://localhost:5173/src/Pages/MainPage.tsx?t=1786785835714:71
[12408093ms] [ERROR] error = SyntaxError: Unexpected token '<', "<!DOCTYPE "... is not valid JSON @ http://localhost:5173/src/Pages/MainPage.tsx?t=1786785835714:58
[12408101ms] [ERROR] error = SyntaxError: Unexpected token '<', "<!DOCTYPE "... is not valid JSON @ http://localhost:5173/src/Pages/MainPage.tsx?t=1786785835714:110
[12408102ms] [ERROR] error = SyntaxError: Unexpected token '<', "<!DOCTYPE "... is not valid JSON @ http://localhost:5173/src/Pages/MainPage.tsx?t=1786785835714:123
[12408103ms] [ERROR] error = SyntaxError: Unexpected token '<', "<!DOCTYPE "... is not valid JSON @ http://localhost:5173/src/Pages/MainPage.tsx?t=1786785835714:84
[12408105ms] [LOG] Container @ http://localhost:5173/src/Components/particleBakground.tsx:46
[12408105ms] [ERROR] error = SyntaxError: Unexpected token '<', "<!DOCTYPE "... is not valid JSON @ http://localhost:5173/src/Pages/MainPage.tsx?t=1786785835714:58
[12408106ms] [ERROR] error = SyntaxError: Unexpected token '<', "<!DOCTYPE "... is not valid JSON @ http://localhost:5173/src/Pages/MainPage.tsx?t=1786785835714:71
[12408106ms] [ERROR] error = SyntaxError: Unexpected token '<', "<!DOCTYPE "... is not valid JSON @ http://localhost:5173/src/Pages/MainPage.tsx?t=1786785835714:97
[12408107ms] [ERROR] error = SyntaxError: Unexpected token '<', "<!DOCTYPE "... is not valid JSON @ http://localhost:5173/src/Pages/MainPage.tsx?t=1786785835714:110
[12408107ms] [ERROR] error = SyntaxError: Unexpected token '<', "<!DOCTYPE "... is not valid JSON @ http://localhost:5173/src/Pages/MainPage.tsx?t=1786785835714:123
[12879637ms] [ERROR] Failed to load resource: net::ERR_NAME_NOT_RESOLVED @ https://api.cryptocast.live/eth:0
[12879637ms] [ERROR] error = TypeError: Failed to fetch
    at getEthPrice (http://localhost:5173/src/Pages/MainPage.tsx:77:31)
    at fetchData (http://localhost:5173/src/Pages/MainPage.tsx:130:17)
    at http://localhost:5173/src/Pages/MainPage.tsx:161:13 @ http://localhost:5173/src/Pages/MainPage.tsx:83
[12879644ms] [ERROR] Failed to load resource: net::ERR_NAME_NOT_RESOLVED @ https://api.cryptocast.live/btc:0
[12879644ms] [ERROR] error = TypeError: Failed to fetch
    at getBtcPrice (http://localhost:5173/src/Pages/MainPage.tsx:90:31)
    at fetchData (http://localhost:5173/src/Pages/MainPage.tsx:131:17)
    at http://localhost:5173/src/Pages/MainPage.tsx:161:13 @ http://localhost:5173/src/Pages/MainPage.tsx:96
[12879644ms] [ERROR] Failed to load resource: net::ERR_NAME_NOT_RESOLVED @ https://api.cryptocast.live/verify/eth:0
[12879644ms] [ERROR] error = TypeError: Failed to fetch
    at getEthVerified (http://localhost:5173/src/Pages/MainPage.tsx:64:31)
    at fetchData (http://localhost:5173/src/Pages/MainPage.tsx:132:17)
    at http://localhost:5173/src/Pages/MainPage.tsx:161:13 @ http://localhost:5173/src/Pages/MainPage.tsx:70
[12879644ms] [ERROR] Failed to load resource: net::ERR_NAME_NOT_RESOLVED @ https://api.cryptocast.live/verify/btc:0
[12879644ms] [ERROR] error = TypeError: Failed to fetch
    at getBtcVerified (http://localhost:5173/src/Pages/MainPage.tsx:51:31)
    at fetchData (http://localhost:5173/src/Pages/MainPage.tsx:133:17)
    at http://localhost:5173/src/Pages/MainPage.tsx:161:13 @ http://localhost:5173/src/Pages/MainPage.tsx:57
[12879644ms] [ERROR] Failed to load resource: net::ERR_NAME_NOT_RESOLVED @ https://api.cryptocast.live/volatility/eth:0
[12879645ms] [ERROR] error = TypeError: Failed to fetch
    at getEthError (http://localhost:5173/src/Pages/MainPage.tsx:103:31)
    at fetchData (http://localhost:5173/src/Pages/MainPage.tsx:134:17)
    at http://localhost:5173/src/Pages/MainPage.tsx:161:13 @ http://localhost:5173/src/Pages/MainPage.tsx:109
[12879645ms] [ERROR] Failed to load resource: net::ERR_NAME_NOT_RESOLVED @ https://api.cryptocast.live/volatility/btc:0
[12879645ms] [ERROR] error = TypeError: Failed to fetch
    at getBtcError (http://localhost:5173/src/Pages/MainPage.tsx:116:31)
    at fetchData (http://localhost:5173/src/Pages/MainPage.tsx:135:17)
    at http://localhost:5173/src/Pages/MainPage.tsx:161:13 @ http://localhost:5173/src/Pages/MainPage.tsx:122
[12879645ms] [ERROR] Failed to load resource: net::ERR_NAME_NOT_RESOLVED @ https://api.cryptocast.live/verify/eth:0
[12879645ms] [ERROR] error = TypeError: Failed to fetch
    at getEthVerified (http://localhost:5173/src/Pages/MainPage.tsx:64:31)
    at fetchData (http://localhost:5173/src/Pages/MainPage.tsx:132:17)
    at http://localhost:5173/src/Pages/MainPage.tsx:161:13 @ http://localhost:5173/src/Pages/MainPage.tsx:70
[12879645ms] [ERROR] Failed to load resource: net::ERR_NAME_NOT_RESOLVED @ https://api.cryptocast.live/btc:0
[12879645ms] [ERROR] error = TypeError: Failed to fetch
    at getBtcPrice (http://localhost:5173/src/Pages/MainPage.tsx:90:31)
    at fetchData (http://localhost:5173/src/Pages/MainPage.tsx:131:17)
    at http://localhost:5173/src/Pages/MainPage.tsx:161:13 @ http://localhost:5173/src/Pages/MainPage.tsx:96
[12879645ms] [ERROR] Failed to load resource: net::ERR_NAME_NOT_RESOLVED @ https://api.cryptocast.live/eth:0
[12879645ms] [ERROR] error = TypeError: Failed to fetch
    at getEthPrice (http://localhost:5173/src/Pages/MainPage.tsx:77:31)
    at fetchData (http://localhost:5173/src/Pages/MainPage.tsx:130:17)
    at http://localhost:5173/src/Pages/MainPage.tsx:161:13 @ http://localhost:5173/src/Pages/MainPage.tsx:83
[12879645ms] [ERROR] Failed to load resource: net::ERR_NAME_NOT_RESOLVED @ https://api.cryptocast.live/volatility/btc:0
[12879645ms] [ERROR] error = TypeError: Failed to fetch
    at getBtcError (http://localhost:5173/src/Pages/MainPage.tsx:116:31)
    at fetchData (http://localhost:5173/src/Pages/MainPage.tsx:135:17)
    at http://localhost:5173/src/Pages/MainPage.tsx:161:13 @ http://localhost:5173/src/Pages/MainPage.tsx:122
[12879645ms] [ERROR] Failed to load resource: net::ERR_NAME_NOT_RESOLVED @ https://api.cryptocast.live/volatility/eth:0
[12879645ms] [ERROR] error = TypeError: Failed to fetch
    at getEthError (http://localhost:5173/src/Pages/MainPage.tsx:103:31)
    at fetchData (http://localhost:5173/src/Pages/MainPage.tsx:134:17)
    at http://localhost:5173/src/Pages/MainPage.tsx:161:13 @ http://localhost:5173/src/Pages/MainPage.tsx:109
[12879646ms] [ERROR] Failed to load resource: net::ERR_NAME_NOT_RESOLVED @ https://api.cryptocast.live/verify/btc:0
[12879646ms] [ERROR] error = TypeError: Failed to fetch
    at getBtcVerified (http://localhost:5173/src/Pages/MainPage.tsx:51:31)
    at fetchData (http://localhost:5173/src/Pages/MainPage.tsx:133:17)
    at http://localhost:5173/src/Pages/MainPage.tsx:161:13 @ http://localhost:5173/src/Pages/MainPage.tsx:57
[12879659ms] [LOG] Container @ http://localhost:5173/src/Components/particleBakground.tsx:46
[13004917ms] [ERROR] Failed to load resource: net::ERR_NAME_NOT_RESOLVED @ https://api.cryptocast.live/eth:0
[13004917ms] [ERROR] error = TypeError: Failed to fetch
    at getEthPrice (http://localhost:5173/src/Pages/MainPage.tsx?t=1786785832504:78:31)
    at fetchData (http://localhost:5173/src/Pages/MainPage.tsx?t=1786785832504:131:17)
    at http://localhost:5173/src/Pages/MainPage.tsx?t=1786785832504:162:13 @ http://localhost:5173/src/Pages/MainPage.tsx?t=1786785832504:84
[13004917ms] [ERROR] Failed to load resource: net::ERR_NAME_NOT_RESOLVED @ https://api.cryptocast.live/btc:0
[13004917ms] [ERROR] error = TypeError: Failed to fetch
    at getBtcPrice (http://localhost:5173/src/Pages/MainPage.tsx?t=1786785832504:91:31)
    at fetchData (http://localhost:5173/src/Pages/MainPage.tsx?t=1786785832504:132:17)
    at http://localhost:5173/src/Pages/MainPage.tsx?t=1786785832504:162:13 @ http://localhost:5173/src/Pages/MainPage.tsx?t=1786785832504:97
[13004917ms] [ERROR] Failed to load resource: net::ERR_NAME_NOT_RESOLVED @ https://api.cryptocast.live/verify/eth:0
[13004917ms] [ERROR] error = TypeError: Failed to fetch
    at getEthVerified (http://localhost:5173/src/Pages/MainPage.tsx?t=1786785832504:65:31)
    at fetchData (http://localhost:5173/src/Pages/MainPage.tsx?t=1786785832504:133:17)
    at http://localhost:5173/src/Pages/MainPage.tsx?t=1786785832504:162:13 @ http://localhost:5173/src/Pages/MainPage.tsx?t=1786785832504:71
[13004918ms] [ERROR] Failed to load resource: net::ERR_NAME_NOT_RESOLVED @ https://api.cryptocast.live/verify/btc:0
[13004918ms] [ERROR] error = TypeError: Failed to fetch
    at getBtcVerified (http://localhost:5173/src/Pages/MainPage.tsx?t=1786785832504:52:31)
    at fetchData (http://localhost:5173/src/Pages/MainPage.tsx?t=1786785832504:134:17)
    at http://localhost:5173/src/Pages/MainPage.tsx?t=1786785832504:162:13 @ http://localhost:5173/src/Pages/MainPage.tsx?t=1786785832504:58
[13004918ms] [ERROR] Failed to load resource: net::ERR_NAME_NOT_RESOLVED @ https://api.cryptocast.live/volatility/eth:0
[13004918ms] [ERROR] error = TypeError: Failed to fetch
    at getEthError (http://localhost:5173/src/Pages/MainPage.tsx?t=1786785832504:104:31)
    at fetchData (http://localhost:5173/src/Pages/MainPage.tsx?t=1786785832504:135:17)
    at http://localhost:5173/src/Pages/MainPage.tsx?t=1786785832504:162:13 @ http://localhost:5173/src/Pages/MainPage.tsx?t=1786785832504:110
[13004918ms] [ERROR] Failed to load resource: net::ERR_NAME_NOT_RESOLVED @ https://api.cryptocast.live/volatility/btc:0
[13004918ms] [ERROR] error = TypeError: Failed to fetch
    at getBtcError (http://localhost:5173/src/Pages/MainPage.tsx?t=1786785832504:117:31)
    at fetchData (http://localhost:5173/src/Pages/MainPage.tsx?t=1786785832504:136:17)
    at http://localhost:5173/src/Pages/MainPage.tsx?t=1786785832504:162:13 @ http://localhost:5173/src/Pages/MainPage.tsx?t=1786785832504:123
[13004918ms] [ERROR] Failed to load resource: net::ERR_NAME_NOT_RESOLVED @ https://api.cryptocast.live/verify/eth:0
[13004918ms] [ERROR] error = TypeError: Failed to fetch
    at getEthVerified (http://localhost:5173/src/Pages/MainPage.tsx?t=1786785832504:65:31)
    at fetchData (http://localhost:5173/src/Pages/MainPage.tsx?t=1786785832504:133:17)
    at http://localhost:5173/src/Pages/MainPage.tsx?t=1786785832504:162:13 @ http://localhost:5173/src/Pages/MainPage.tsx?t=1786785832504:71
[13004919ms] [ERROR] Failed to load resource: net::ERR_NAME_NOT_RESOLVED @ https://api.cryptocast.live/btc:0
[13004919ms] [ERROR] error = TypeError: Failed to fetch
    at getBtcPrice (http://localhost:5173/src/Pages/MainPage.tsx?t=1786785832504:91:31)
    at fetchData (http://localhost:5173/src/Pages/MainPage.tsx?t=1786785832504:132:17)
    at http://localhost:5173/src/Pages/MainPage.tsx?t=1786785832504:162:13 @ http://localhost:5173/src/Pages/MainPage.tsx?t=1786785832504:97
[13004919ms] [ERROR] Failed to load resource: net::ERR_NAME_NOT_RESOLVED @ https://api.cryptocast.live/eth:0
[13004919ms] [ERROR] error = TypeError: Failed to fetch
    at getEthPrice (http://localhost:5173/src/Pages/MainPage.tsx?t=1786785832504:78:31)
    at fetchData (http://localhost:5173/src/Pages/MainPage.tsx?t=1786785832504:131:17)
    at http://localhost:5173/src/Pages/MainPage.tsx?t=1786785832504:162:13 @ http://localhost:5173/src/Pages/MainPage.tsx?t=1786785832504:84
[13004919ms] [ERROR] Failed to load resource: net::ERR_NAME_NOT_RESOLVED @ https://api.cryptocast.live/volatility/btc:0
[13004919ms] [ERROR] error = TypeError: Failed to fetch
    at getBtcError (http://localhost:5173/src/Pages/MainPage.tsx?t=1786785832504:117:31)
    at fetchData (http://localhost:5173/src/Pages/MainPage.tsx?t=1786785832504:136:17)
    at http://localhost:5173/src/Pages/MainPage.tsx?t=1786785832504:162:13 @ http://localhost:5173/src/Pages/MainPage.tsx?t=1786785832504:123
[13004919ms] [ERROR] Failed to load resource: net::ERR_NAME_NOT_RESOLVED @ https://api.cryptocast.live/volatility/eth:0
[13004919ms] [ERROR] error = TypeError: Failed to fetch
    at getEthError (http://localhost:5173/src/Pages/MainPage.tsx?t=1786785832504:104:31)
    at fetchData (http://localhost:5173/src/Pages/MainPage.tsx?t=1786785832504:135:17)
    at http://localhost:5173/src/Pages/MainPage.tsx?t=1786785832504:162:13 @ http://localhost:5173/src/Pages/MainPage.tsx?t=1786785832504:110
[13004919ms] [ERROR] Failed to load resource: net::ERR_NAME_NOT_RESOLVED @ https://api.cryptocast.live/verify/btc:0
[13004919ms] [ERROR] error = TypeError: Failed to fetch
    at getBtcVerified (http://localhost:5173/src/Pages/MainPage.tsx?t=1786785832504:52:31)
    at fetchData (http://localhost:5173/src/Pages/MainPage.tsx?t=1786785832504:134:17)
    at http://localhost:5173/src/Pages/MainPage.tsx?t=1786785832504:162:13 @ http://localhost:5173/src/Pages/MainPage.tsx?t=1786785832504:58
[13008083ms] [ERROR] error = SyntaxError: Unexpected token '<', "<!DOCTYPE "... is not valid JSON @ http://localhost:5173/src/Pages/MainPage.tsx?t=1786785835714:84
[13008091ms] [ERROR] error = SyntaxError: Unexpected token '<', "<!DOCTYPE "... is not valid JSON @ http://localhost:5173/src/Pages/MainPage.tsx?t=1786785835714:71
[13008092ms] [ERROR] error = SyntaxError: Unexpected token '<', "<!DOCTYPE "... is not valid JSON @ http://localhost:5173/src/Pages/MainPage.tsx?t=1786785835714:97
[13008094ms] [LOG] Container @ http://localhost:5173/src/Components/particleBakground.tsx:46
[13008094ms] [ERROR] error = SyntaxError: Unexpected token '<', "<!DOCTYPE "... is not valid JSON @ http://localhost:5173/src/Pages/MainPage.tsx?t=1786785835714:58
[13008095ms] [ERROR] error = SyntaxError: Unexpected token '<', "<!DOCTYPE "... is not valid JSON @ http://localhost:5173/src/Pages/MainPage.tsx?t=1786785835714:110
[13008095ms] [ERROR] error = SyntaxError: Unexpected token '<', "<!DOCTYPE "... is not valid JSON @ http://localhost:5173/src/Pages/MainPage.tsx?t=1786785835714:123
[13008095ms] [ERROR] error = SyntaxError: Unexpected token '<', "<!DOCTYPE "... is not valid JSON @ http://localhost:5173/src/Pages/MainPage.tsx?t=1786785835714:84
[13008096ms] [ERROR] error = SyntaxError: Unexpected token '<', "<!DOCTYPE "... is not valid JSON @ http://localhost:5173/src/Pages/MainPage.tsx?t=1786785835714:71
[13008096ms] [ERROR] error = SyntaxError: Unexpected token '<', "<!DOCTYPE "... is not valid JSON @ http://localhost:5173/src/Pages/MainPage.tsx?t=1786785835714:97
[13008096ms] [ERROR] error = SyntaxError: Unexpected token '<', "<!DOCTYPE "... is not valid JSON @ http://localhost:5173/src/Pages/MainPage.tsx?t=1786785835714:58
[13008097ms] [ERROR] error = SyntaxError: Unexpected token '<', "<!DOCTYPE "... is not valid JSON @ http://localhost:5173/src/Pages/MainPage.tsx?t=1786785835714:110
[13008097ms] [ERROR] error = SyntaxError: Unexpected token '<', "<!DOCTYPE "... is not valid JSON @ http://localhost:5173/src/Pages/MainPage.tsx?t=1786785835714:123
[13479633ms] [ERROR] Failed to load resource: net::ERR_NAME_NOT_RESOLVED @ https://api.cryptocast.live/eth:0
[13479634ms] [ERROR] error = TypeError: Failed to fetch
    at getEthPrice (http://localhost:5173/src/Pages/MainPage.tsx:77:31)
    at fetchData (http://localhost:5173/src/Pages/MainPage.tsx:130:17)
    at http://localhost:5173/src/Pages/MainPage.tsx:161:13 @ http://localhost:5173/src/Pages/MainPage.tsx:83
[13479634ms] [ERROR] Failed to load resource: net::ERR_NAME_NOT_RESOLVED @ https://api.cryptocast.live/btc:0
[13479634ms] [ERROR] error = TypeError: Failed to fetch
    at getBtcPrice (http://localhost:5173/src/Pages/MainPage.tsx:90:31)
    at fetchData (http://localhost:5173/src/Pages/MainPage.tsx:131:17)
    at http://localhost:5173/src/Pages/MainPage.tsx:161:13 @ http://localhost:5173/src/Pages/MainPage.tsx:96
[13479635ms] [ERROR] Failed to load resource: net::ERR_NAME_NOT_RESOLVED @ https://api.cryptocast.live/verify/eth:0
[13479635ms] [ERROR] error = TypeError: Failed to fetch
    at getEthVerified (http://localhost:5173/src/Pages/MainPage.tsx:64:31)
    at fetchData (http://localhost:5173/src/Pages/MainPage.tsx:132:17)
    at http://localhost:5173/src/Pages/MainPage.tsx:161:13 @ http://localhost:5173/src/Pages/MainPage.tsx:70
[13479635ms] [ERROR] Failed to load resource: net::ERR_NAME_NOT_RESOLVED @ https://api.cryptocast.live/verify/btc:0
[13479635ms] [ERROR] error = TypeError: Failed to fetch
    at getBtcVerified (http://localhost:5173/src/Pages/MainPage.tsx:51:31)
    at fetchData (http://localhost:5173/src/Pages/MainPage.tsx:133:17)
    at http://localhost:5173/src/Pages/MainPage.tsx:161:13 @ http://localhost:5173/src/Pages/MainPage.tsx:57
[13479635ms] [ERROR] Failed to load resource: net::ERR_NAME_NOT_RESOLVED @ https://api.cryptocast.live/volatility/eth:0
[13479635ms] [ERROR] error = TypeError: Failed to fetch
    at getEthError (http://localhost:5173/src/Pages/MainPage.tsx:103:31)
    at fetchData (http://localhost:5173/src/Pages/MainPage.tsx:134:17)
    at http://localhost:5173/src/Pages/MainPage.tsx:161:13 @ http://localhost:5173/src/Pages/MainPage.tsx:109
[13479635ms] [ERROR] Failed to load resource: net::ERR_NAME_NOT_RESOLVED @ https://api.cryptocast.live/volatility/btc:0
[13479635ms] [ERROR] error = TypeError: Failed to fetch
    at getBtcError (http://localhost:5173/src/Pages/MainPage.tsx:116:31)
    at fetchData (http://localhost:5173/src/Pages/MainPage.tsx:135:17)
    at http://localhost:5173/src/Pages/MainPage.tsx:161:13 @ http://localhost:5173/src/Pages/MainPage.tsx:122
[13479637ms] [ERROR] Failed to load resource: net::ERR_NAME_NOT_RESOLVED @ https://api.cryptocast.live/verify/eth:0
[13479637ms] [ERROR] error = TypeError: Failed to fetch
    at getEthVerified (http://localhost:5173/src/Pages/MainPage.tsx:64:31)
    at fetchData (http://localhost:5173/src/Pages/MainPage.tsx:132:17)
    at http://localhost:5173/src/Pages/MainPage.tsx:161:13 @ http://localhost:5173/src/Pages/MainPage.tsx:70
[13479637ms] [ERROR] Failed to load resource: net::ERR_NAME_NOT_RESOLVED @ https://api.cryptocast.live/btc:0
[13479637ms] [ERROR] error = TypeError: Failed to fetch
    at getBtcPrice (http://localhost:5173/src/Pages/MainPage.tsx:90:31)
    at fetchData (http://localhost:5173/src/Pages/MainPage.tsx:131:17)
    at http://localhost:5173/src/Pages/MainPage.tsx:161:13 @ http://localhost:5173/src/Pages/MainPage.tsx:96
[13479637ms] [ERROR] Failed to load resource: net::ERR_NAME_NOT_RESOLVED @ https://api.cryptocast.live/eth:0
[13479637ms] [ERROR] error = TypeError: Failed to fetch
    at getEthPrice (http://localhost:5173/src/Pages/MainPage.tsx:77:31)
    at fetchData (http://localhost:5173/src/Pages/MainPage.tsx:130:17)
    at http://localhost:5173/src/Pages/MainPage.tsx:161:13 @ http://localhost:5173/src/Pages/MainPage.tsx:83
[13479637ms] [ERROR] Failed to load resource: net::ERR_NAME_NOT_RESOLVED @ https://api.cryptocast.live/volatility/btc:0
[13479637ms] [ERROR] error = TypeError: Failed to fetch
    at getBtcError (http://localhost:5173/src/Pages/MainPage.tsx:116:31)
    at fetchData (http://localhost:5173/src/Pages/MainPage.tsx:135:17)
    at http://localhost:5173/src/Pages/MainPage.tsx:161:13 @ http://localhost:5173/src/Pages/MainPage.tsx:122
[13479637ms] [ERROR] Failed to load resource: net::ERR_NAME_NOT_RESOLVED @ https://api.cryptocast.live/volatility/eth:0
[13479637ms] [ERROR] error = TypeError: Failed to fetch
    at getEthError (http://localhost:5173/src/Pages/MainPage.tsx:103:31)
    at fetchData (http://localhost:5173/src/Pages/MainPage.tsx:134:17)
    at http://localhost:5173/src/Pages/MainPage.tsx:161:13 @ http://localhost:5173/src/Pages/MainPage.tsx:109
[13479638ms] [ERROR] Failed to load resource: net::ERR_NAME_NOT_RESOLVED @ https://api.cryptocast.live/verify/btc:0
[13479638ms] [ERROR] error = TypeError: Failed to fetch
    at getBtcVerified (http://localhost:5173/src/Pages/MainPage.tsx:51:31)
    at fetchData (http://localhost:5173/src/Pages/MainPage.tsx:133:17)
    at http://localhost:5173/src/Pages/MainPage.tsx:161:13 @ http://localhost:5173/src/Pages/MainPage.tsx:57
[13479647ms] [LOG] Container @ http://localhost:5173/src/Components/particleBakground.tsx:46
[13604917ms] [ERROR] Failed to load resource: net::ERR_NAME_NOT_RESOLVED @ https://api.cryptocast.live/eth:0
[13604917ms] [ERROR] error = TypeError: Failed to fetch
    at getEthPrice (http://localhost:5173/src/Pages/MainPage.tsx?t=1786785832504:78:31)
    at fetchData (http://localhost:5173/src/Pages/MainPage.tsx?t=1786785832504:131:17)
    at http://localhost:5173/src/Pages/MainPage.tsx?t=1786785832504:162:13 @ http://localhost:5173/src/Pages/MainPage.tsx?t=1786785832504:84
[13604918ms] [ERROR] Failed to load resource: net::ERR_NAME_NOT_RESOLVED @ https://api.cryptocast.live/btc:0
[13604918ms] [ERROR] error = TypeError: Failed to fetch
    at getBtcPrice (http://localhost:5173/src/Pages/MainPage.tsx?t=1786785832504:91:31)
    at fetchData (http://localhost:5173/src/Pages/MainPage.tsx?t=1786785832504:132:17)
    at http://localhost:5173/src/Pages/MainPage.tsx?t=1786785832504:162:13 @ http://localhost:5173/src/Pages/MainPage.tsx?t=1786785832504:97
[13604918ms] [ERROR] Failed to load resource: net::ERR_NAME_NOT_RESOLVED @ https://api.cryptocast.live/verify/eth:0
[13604918ms] [ERROR] error = TypeError: Failed to fetch
    at getEthVerified (http://localhost:5173/src/Pages/MainPage.tsx?t=1786785832504:65:31)
    at fetchData (http://localhost:5173/src/Pages/MainPage.tsx?t=1786785832504:133:17)
    at http://localhost:5173/src/Pages/MainPage.tsx?t=1786785832504:162:13 @ http://localhost:5173/src/Pages/MainPage.tsx?t=1786785832504:71
[13604918ms] [ERROR] Failed to load resource: net::ERR_NAME_NOT_RESOLVED @ https://api.cryptocast.live/verify/btc:0
[13604918ms] [ERROR] error = TypeError: Failed to fetch
    at getBtcVerified (http://localhost:5173/src/Pages/MainPage.tsx?t=1786785832504:52:31)
    at fetchData (http://localhost:5173/src/Pages/MainPage.tsx?t=1786785832504:134:17)
    at http://localhost:5173/src/Pages/MainPage.tsx?t=1786785832504:162:13 @ http://localhost:5173/src/Pages/MainPage.tsx?t=1786785832504:58
[13604918ms] [ERROR] Failed to load resource: net::ERR_NAME_NOT_RESOLVED @ https://api.cryptocast.live/volatility/eth:0
[13604918ms] [ERROR] error = TypeError: Failed to fetch
    at getEthError (http://localhost:5173/src/Pages/MainPage.tsx?t=1786785832504:104:31)
    at fetchData (http://localhost:5173/src/Pages/MainPage.tsx?t=1786785832504:135:17)
    at http://localhost:5173/src/Pages/MainPage.tsx?t=1786785832504:162:13 @ http://localhost:5173/src/Pages/MainPage.tsx?t=1786785832504:110
[13604918ms] [ERROR] Failed to load resource: net::ERR_NAME_NOT_RESOLVED @ https://api.cryptocast.live/volatility/btc:0
[13604918ms] [ERROR] error = TypeError: Failed to fetch
    at getBtcError (http://localhost:5173/src/Pages/MainPage.tsx?t=1786785832504:117:31)
    at fetchData (http://localhost:5173/src/Pages/MainPage.tsx?t=1786785832504:136:17)
    at http://localhost:5173/src/Pages/MainPage.tsx?t=1786785832504:162:13 @ http://localhost:5173/src/Pages/MainPage.tsx?t=1786785832504:123
[13604919ms] [ERROR] Failed to load resource: net::ERR_NAME_NOT_RESOLVED @ https://api.cryptocast.live/verify/eth:0
[13604919ms] [ERROR] error = TypeError: Failed to fetch
    at getEthVerified (http://localhost:5173/src/Pages/MainPage.tsx?t=1786785832504:65:31)
    at fetchData (http://localhost:5173/src/Pages/MainPage.tsx?t=1786785832504:133:17)
    at http://localhost:5173/src/Pages/MainPage.tsx?t=1786785832504:162:13 @ http://localhost:5173/src/Pages/MainPage.tsx?t=1786785832504:71
[13604919ms] [ERROR] Failed to load resource: net::ERR_NAME_NOT_RESOLVED @ https://api.cryptocast.live/btc:0
[13604919ms] [ERROR] error = TypeError: Failed to fetch
    at getBtcPrice (http://localhost:5173/src/Pages/MainPage.tsx?t=1786785832504:91:31)
    at fetchData (http://localhost:5173/src/Pages/MainPage.tsx?t=1786785832504:132:17)
    at http://localhost:5173/src/Pages/MainPage.tsx?t=1786785832504:162:13 @ http://localhost:5173/src/Pages/MainPage.tsx?t=1786785832504:97
[13604919ms] [ERROR] Failed to load resource: net::ERR_NAME_NOT_RESOLVED @ https://api.cryptocast.live/eth:0
[13604919ms] [ERROR] error = TypeError: Failed to fetch
    at getEthPrice (http://localhost:5173/src/Pages/MainPage.tsx?t=1786785832504:78:31)
    at fetchData (http://localhost:5173/src/Pages/MainPage.tsx?t=1786785832504:131:17)
    at http://localhost:5173/src/Pages/MainPage.tsx?t=1786785832504:162:13 @ http://localhost:5173/src/Pages/MainPage.tsx?t=1786785832504:84
[13604920ms] [ERROR] Failed to load resource: net::ERR_NAME_NOT_RESOLVED @ https://api.cryptocast.live/volatility/btc:0
[13604920ms] [ERROR] error = TypeError: Failed to fetch
    at getBtcError (http://localhost:5173/src/Pages/MainPage.tsx?t=1786785832504:117:31)
    at fetchData (http://localhost:5173/src/Pages/MainPage.tsx?t=1786785832504:136:17)
    at http://localhost:5173/src/Pages/MainPage.tsx?t=1786785832504:162:13 @ http://localhost:5173/src/Pages/MainPage.tsx?t=1786785832504:123
[13604920ms] [ERROR] Failed to load resource: net::ERR_NAME_NOT_RESOLVED @ https://api.cryptocast.live/volatility/eth:0
[13604920ms] [ERROR] error = TypeError: Failed to fetch
    at getEthError (http://localhost:5173/src/Pages/MainPage.tsx?t=1786785832504:104:31)
    at fetchData (http://localhost:5173/src/Pages/MainPage.tsx?t=1786785832504:135:17)
    at http://localhost:5173/src/Pages/MainPage.tsx?t=1786785832504:162:13 @ http://localhost:5173/src/Pages/MainPage.tsx?t=1786785832504:110
[13604920ms] [ERROR] Failed to load resource: net::ERR_NAME_NOT_RESOLVED @ https://api.cryptocast.live/verify/btc:0
[13604920ms] [ERROR] error = TypeError: Failed to fetch
    at getBtcVerified (http://localhost:5173/src/Pages/MainPage.tsx?t=1786785832504:52:31)
    at fetchData (http://localhost:5173/src/Pages/MainPage.tsx?t=1786785832504:134:17)
    at http://localhost:5173/src/Pages/MainPage.tsx?t=1786785832504:162:13 @ http://localhost:5173/src/Pages/MainPage.tsx?t=1786785832504:58
[13608094ms] [ERROR] error = SyntaxError: Unexpected token '<', "<!DOCTYPE "... is not valid JSON @ http://localhost:5173/src/Pages/MainPage.tsx?t=1786785835714:84
[13608095ms] [ERROR] error = SyntaxError: Unexpected token '<', "<!DOCTYPE "... is not valid JSON @ http://localhost:5173/src/Pages/MainPage.tsx?t=1786785835714:97
[13608096ms] [ERROR] error = SyntaxError: Unexpected token '<', "<!DOCTYPE "... is not valid JSON @ http://localhost:5173/src/Pages/MainPage.tsx?t=1786785835714:71
[13608097ms] [ERROR] error = SyntaxError: Unexpected token '<', "<!DOCTYPE "... is not valid JSON @ http://localhost:5173/src/Pages/MainPage.tsx?t=1786785835714:110
[13608097ms] [ERROR] error = SyntaxError: Unexpected token '<', "<!DOCTYPE "... is not valid JSON @ http://localhost:5173/src/Pages/MainPage.tsx?t=1786785835714:58
[13608098ms] [ERROR] error = SyntaxError: Unexpected token '<', "<!DOCTYPE "... is not valid JSON @ http://localhost:5173/src/Pages/MainPage.tsx?t=1786785835714:123
[13608105ms] [ERROR] error = SyntaxError: Unexpected token '<', "<!DOCTYPE "... is not valid JSON @ http://localhost:5173/src/Pages/MainPage.tsx?t=1786785835714:84
[13608107ms] [LOG] Container @ http://localhost:5173/src/Components/particleBakground.tsx:46
[13608107ms] [ERROR] error = SyntaxError: Unexpected token '<', "<!DOCTYPE "... is not valid JSON @ http://localhost:5173/src/Pages/MainPage.tsx?t=1786785835714:110
[13608108ms] [ERROR] error = SyntaxError: Unexpected token '<', "<!DOCTYPE "... is not valid JSON @ http://localhost:5173/src/Pages/MainPage.tsx?t=1786785835714:97
[13608108ms] [ERROR] error = SyntaxError: Unexpected token '<', "<!DOCTYPE "... is not valid JSON @ http://localhost:5173/src/Pages/MainPage.tsx?t=1786785835714:71
[13608109ms] [ERROR] error = SyntaxError: Unexpected token '<', "<!DOCTYPE "... is not valid JSON @ http://localhost:5173/src/Pages/MainPage.tsx?t=1786785835714:58
[13608109ms] [ERROR] error = SyntaxError: Unexpected token '<', "<!DOCTYPE "... is not valid JSON @ http://localhost:5173/src/Pages/MainPage.tsx?t=1786785835714:123
[14079637ms] [ERROR] Failed to load resource: net::ERR_NAME_NOT_RESOLVED @ https://api.cryptocast.live/eth:0
[14079638ms] [ERROR] error = TypeError: Failed to fetch
    at getEthPrice (http://localhost:5173/src/Pages/MainPage.tsx:77:31)
    at fetchData (http://localhost:5173/src/Pages/MainPage.tsx:130:17)
    at http://localhost:5173/src/Pages/MainPage.tsx:161:13 @ http://localhost:5173/src/Pages/MainPage.tsx:83
[14079638ms] [ERROR] Failed to load resource: net::ERR_NAME_NOT_RESOLVED @ https://api.cryptocast.live/btc:0
[14079638ms] [ERROR] error = TypeError: Failed to fetch
    at getBtcPrice (http://localhost:5173/src/Pages/MainPage.tsx:90:31)
    at fetchData (http://localhost:5173/src/Pages/MainPage.tsx:131:17)
    at http://localhost:5173/src/Pages/MainPage.tsx:161:13 @ http://localhost:5173/src/Pages/MainPage.tsx:96
[14079639ms] [ERROR] Failed to load resource: net::ERR_NAME_NOT_RESOLVED @ https://api.cryptocast.live/verify/eth:0
[14079639ms] [ERROR] error = TypeError: Failed to fetch
    at getEthVerified (http://localhost:5173/src/Pages/MainPage.tsx:64:31)
    at fetchData (http://localhost:5173/src/Pages/MainPage.tsx:132:17)
    at http://localhost:5173/src/Pages/MainPage.tsx:161:13 @ http://localhost:5173/src/Pages/MainPage.tsx:70
[14079639ms] [ERROR] Failed to load resource: net::ERR_NAME_NOT_RESOLVED @ https://api.cryptocast.live/verify/btc:0
[14079639ms] [ERROR] error = TypeError: Failed to fetch
    at getBtcVerified (http://localhost:5173/src/Pages/MainPage.tsx:51:31)
    at fetchData (http://localhost:5173/src/Pages/MainPage.tsx:133:17)
    at http://localhost:5173/src/Pages/MainPage.tsx:161:13 @ http://localhost:5173/src/Pages/MainPage.tsx:57
[14079639ms] [ERROR] Failed to load resource: net::ERR_NAME_NOT_RESOLVED @ https://api.cryptocast.live/volatility/eth:0
[14079639ms] [ERROR] error = TypeError: Failed to fetch
    at getEthError (http://localhost:5173/src/Pages/MainPage.tsx:103:31)
    at fetchData (http://localhost:5173/src/Pages/MainPage.tsx:134:17)
    at http://localhost:5173/src/Pages/MainPage.tsx:161:13 @ http://localhost:5173/src/Pages/MainPage.tsx:109
[14079639ms] [ERROR] Failed to load resource: net::ERR_NAME_NOT_RESOLVED @ https://api.cryptocast.live/volatility/btc:0
[14079639ms] [ERROR] error = TypeError: Failed to fetch
    at getBtcError (http://localhost:5173/src/Pages/MainPage.tsx:116:31)
    at fetchData (http://localhost:5173/src/Pages/MainPage.tsx:135:17)
    at http://localhost:5173/src/Pages/MainPage.tsx:161:13 @ http://localhost:5173/src/Pages/MainPage.tsx:122
[14079639ms] [ERROR] Failed to load resource: net::ERR_NAME_NOT_RESOLVED @ https://api.cryptocast.live/verify/eth:0
[14079639ms] [ERROR] error = TypeError: Failed to fetch
    at getEthVerified (http://localhost:5173/src/Pages/MainPage.tsx:64:31)
    at fetchData (http://localhost:5173/src/Pages/MainPage.tsx:132:17)
    at http://localhost:5173/src/Pages/MainPage.tsx:161:13 @ http://localhost:5173/src/Pages/MainPage.tsx:70
[14079639ms] [ERROR] Failed to load resource: net::ERR_NAME_NOT_RESOLVED @ https://api.cryptocast.live/btc:0
[14079639ms] [ERROR] error = TypeError: Failed to fetch
    at getBtcPrice (http://localhost:5173/src/Pages/MainPage.tsx:90:31)
    at fetchData (http://localhost:5173/src/Pages/MainPage.tsx:131:17)
    at http://localhost:5173/src/Pages/MainPage.tsx:161:13 @ http://localhost:5173/src/Pages/MainPage.tsx:96
[14079639ms] [ERROR] Failed to load resource: net::ERR_NAME_NOT_RESOLVED @ https://api.cryptocast.live/eth:0
[14079639ms] [ERROR] error = TypeError: Failed to fetch
    at getEthPrice (http://localhost:5173/src/Pages/MainPage.tsx:77:31)
    at fetchData (http://localhost:5173/src/Pages/MainPage.tsx:130:17)
    at http://localhost:5173/src/Pages/MainPage.tsx:161:13 @ http://localhost:5173/src/Pages/MainPage.tsx:83
[14079639ms] [ERROR] Failed to load resource: net::ERR_NAME_NOT_RESOLVED @ https://api.cryptocast.live/volatility/btc:0
[14079639ms] [ERROR] error = TypeError: Failed to fetch
    at getBtcError (http://localhost:5173/src/Pages/MainPage.tsx:116:31)
    at fetchData (http://localhost:5173/src/Pages/MainPage.tsx:135:17)
    at http://localhost:5173/src/Pages/MainPage.tsx:161:13 @ http://localhost:5173/src/Pages/MainPage.tsx:122
[14079639ms] [ERROR] Failed to load resource: net::ERR_NAME_NOT_RESOLVED @ https://api.cryptocast.live/volatility/eth:0
[14079639ms] [ERROR] error = TypeError: Failed to fetch
    at getEthError (http://localhost:5173/src/Pages/MainPage.tsx:103:31)
    at fetchData (http://localhost:5173/src/Pages/MainPage.tsx:134:17)
    at http://localhost:5173/src/Pages/MainPage.tsx:161:13 @ http://localhost:5173/src/Pages/MainPage.tsx:109
[14079639ms] [ERROR] Failed to load resource: net::ERR_NAME_NOT_RESOLVED @ https://api.cryptocast.live/verify/btc:0
[14079640ms] [ERROR] error = TypeError: Failed to fetch
    at getBtcVerified (http://localhost:5173/src/Pages/MainPage.tsx:51:31)
    at fetchData (http://localhost:5173/src/Pages/MainPage.tsx:133:17)
    at http://localhost:5173/src/Pages/MainPage.tsx:161:13 @ http://localhost:5173/src/Pages/MainPage.tsx:57
[14079656ms] [LOG] Container @ http://localhost:5173/src/Components/particleBakground.tsx:46
[14204918ms] [ERROR] Failed to load resource: net::ERR_NAME_NOT_RESOLVED @ https://api.cryptocast.live/eth:0
[14204918ms] [ERROR] error = TypeError: Failed to fetch
    at getEthPrice (http://localhost:5173/src/Pages/MainPage.tsx?t=1786785832504:78:31)
    at fetchData (http://localhost:5173/src/Pages/MainPage.tsx?t=1786785832504:131:17)
    at http://localhost:5173/src/Pages/MainPage.tsx?t=1786785832504:162:13 @ http://localhost:5173/src/Pages/MainPage.tsx?t=1786785832504:84
[14204919ms] [ERROR] Failed to load resource: net::ERR_NAME_NOT_RESOLVED @ https://api.cryptocast.live/btc:0
[14204919ms] [ERROR] error = TypeError: Failed to fetch
    at getBtcPrice (http://localhost:5173/src/Pages/MainPage.tsx?t=1786785832504:91:31)
    at fetchData (http://localhost:5173/src/Pages/MainPage.tsx?t=1786785832504:132:17)
    at http://localhost:5173/src/Pages/MainPage.tsx?t=1786785832504:162:13 @ http://localhost:5173/src/Pages/MainPage.tsx?t=1786785832504:97
[14204919ms] [ERROR] Failed to load resource: net::ERR_NAME_NOT_RESOLVED @ https://api.cryptocast.live/verify/eth:0
[14204919ms] [ERROR] error = TypeError: Failed to fetch
    at getEthVerified (http://localhost:5173/src/Pages/MainPage.tsx?t=1786785832504:65:31)
    at fetchData (http://localhost:5173/src/Pages/MainPage.tsx?t=1786785832504:133:17)
    at http://localhost:5173/src/Pages/MainPage.tsx?t=1786785832504:162:13 @ http://localhost:5173/src/Pages/MainPage.tsx?t=1786785832504:71
[14204919ms] [ERROR] Failed to load resource: net::ERR_NAME_NOT_RESOLVED @ https://api.cryptocast.live/verify/btc:0
[14204919ms] [ERROR] error = TypeError: Failed to fetch
    at getBtcVerified (http://localhost:5173/src/Pages/MainPage.tsx?t=1786785832504:52:31)
    at fetchData (http://localhost:5173/src/Pages/MainPage.tsx?t=1786785832504:134:17)
    at http://localhost:5173/src/Pages/MainPage.tsx?t=1786785832504:162:13 @ http://localhost:5173/src/Pages/MainPage.tsx?t=1786785832504:58
[14204920ms] [ERROR] Failed to load resource: net::ERR_NAME_NOT_RESOLVED @ https://api.cryptocast.live/volatility/eth:0
[14204920ms] [ERROR] error = TypeError: Failed to fetch
    at getEthError (http://localhost:5173/src/Pages/MainPage.tsx?t=1786785832504:104:31)
    at fetchData (http://localhost:5173/src/Pages/MainPage.tsx?t=1786785832504:135:17)
    at http://localhost:5173/src/Pages/MainPage.tsx?t=1786785832504:162:13 @ http://localhost:5173/src/Pages/MainPage.tsx?t=1786785832504:110
[14204920ms] [ERROR] Failed to load resource: net::ERR_NAME_NOT_RESOLVED @ https://api.cryptocast.live/volatility/btc:0
[14204920ms] [ERROR] error = TypeError: Failed to fetch
    at getBtcError (http://localhost:5173/src/Pages/MainPage.tsx?t=1786785832504:117:31)
    at fetchData (http://localhost:5173/src/Pages/MainPage.tsx?t=1786785832504:136:17)
    at http://localhost:5173/src/Pages/MainPage.tsx?t=1786785832504:162:13 @ http://localhost:5173/src/Pages/MainPage.tsx?t=1786785832504:123
[14204920ms] [ERROR] Failed to load resource: net::ERR_NAME_NOT_RESOLVED @ https://api.cryptocast.live/verify/eth:0
[14204921ms] [ERROR] error = TypeError: Failed to fetch
    at getEthVerified (http://localhost:5173/src/Pages/MainPage.tsx?t=1786785832504:65:31)
    at fetchData (http://localhost:5173/src/Pages/MainPage.tsx?t=1786785832504:133:17)
    at http://localhost:5173/src/Pages/MainPage.tsx?t=1786785832504:162:13 @ http://localhost:5173/src/Pages/MainPage.tsx?t=1786785832504:71
[14204921ms] [ERROR] Failed to load resource: net::ERR_NAME_NOT_RESOLVED @ https://api.cryptocast.live/btc:0
[14204921ms] [ERROR] error = TypeError: Failed to fetch
    at getBtcPrice (http://localhost:5173/src/Pages/MainPage.tsx?t=1786785832504:91:31)
    at fetchData (http://localhost:5173/src/Pages/MainPage.tsx?t=1786785832504:132:17)
    at http://localhost:5173/src/Pages/MainPage.tsx?t=1786785832504:162:13 @ http://localhost:5173/src/Pages/MainPage.tsx?t=1786785832504:97
[14204921ms] [ERROR] Failed to load resource: net::ERR_NAME_NOT_RESOLVED @ https://api.cryptocast.live/eth:0
[14204921ms] [ERROR] error = TypeError: Failed to fetch
    at getEthPrice (http://localhost:5173/src/Pages/MainPage.tsx?t=1786785832504:78:31)
    at fetchData (http://localhost:5173/src/Pages/MainPage.tsx?t=1786785832504:131:17)
    at http://localhost:5173/src/Pages/MainPage.tsx?t=1786785832504:162:13 @ http://localhost:5173/src/Pages/MainPage.tsx?t=1786785832504:84
[14204921ms] [ERROR] Failed to load resource: net::ERR_NAME_NOT_RESOLVED @ https://api.cryptocast.live/volatility/btc:0
[14204921ms] [ERROR] error = TypeError: Failed to fetch
    at getBtcError (http://localhost:5173/src/Pages/MainPage.tsx?t=1786785832504:117:31)
    at fetchData (http://localhost:5173/src/Pages/MainPage.tsx?t=1786785832504:136:17)
    at http://localhost:5173/src/Pages/MainPage.tsx?t=1786785832504:162:13 @ http://localhost:5173/src/Pages/MainPage.tsx?t=1786785832504:123
[14204921ms] [ERROR] Failed to load resource: net::ERR_NAME_NOT_RESOLVED @ https://api.cryptocast.live/volatility/eth:0
[14204921ms] [ERROR] error = TypeError: Failed to fetch
    at getEthError (http://localhost:5173/src/Pages/MainPage.tsx?t=1786785832504:104:31)
    at fetchData (http://localhost:5173/src/Pages/MainPage.tsx?t=1786785832504:135:17)
    at http://localhost:5173/src/Pages/MainPage.tsx?t=1786785832504:162:13 @ http://localhost:5173/src/Pages/MainPage.tsx?t=1786785832504:110
[14204921ms] [ERROR] Failed to load resource: net::ERR_NAME_NOT_RESOLVED @ https://api.cryptocast.live/verify/btc:0
[14204921ms] [ERROR] error = TypeError: Failed to fetch
    at getBtcVerified (http://localhost:5173/src/Pages/MainPage.tsx?t=1786785832504:52:31)
    at fetchData (http://localhost:5173/src/Pages/MainPage.tsx?t=1786785832504:134:17)
    at http://localhost:5173/src/Pages/MainPage.tsx?t=1786785832504:162:13 @ http://localhost:5173/src/Pages/MainPage.tsx?t=1786785832504:58
[14208104ms] [ERROR] error = SyntaxError: Unexpected token '<', "<!DOCTYPE "... is not valid JSON @ http://localhost:5173/src/Pages/MainPage.tsx?t=1786785835714:97
[14208104ms] [ERROR] error = SyntaxError: Unexpected token '<', "<!DOCTYPE "... is not valid JSON @ http://localhost:5173/src/Pages/MainPage.tsx?t=1786785835714:110
[14208104ms] [ERROR] error = SyntaxError: Unexpected token '<', "<!DOCTYPE "... is not valid JSON @ http://localhost:5173/src/Pages/MainPage.tsx?t=1786785835714:58
[14208105ms] [ERROR] error = SyntaxError: Unexpected token '<', "<!DOCTYPE "... is not valid JSON @ http://localhost:5173/src/Pages/MainPage.tsx?t=1786785835714:84
[14208105ms] [ERROR] error = SyntaxError: Unexpected token '<', "<!DOCTYPE "... is not valid JSON @ http://localhost:5173/src/Pages/MainPage.tsx?t=1786785835714:123
[14208109ms] [ERROR] error = SyntaxError: Unexpected token '<', "<!DOCTYPE "... is not valid JSON @ http://localhost:5173/src/Pages/MainPage.tsx?t=1786785835714:71
[14208110ms] [ERROR] error = SyntaxError: Unexpected token '<', "<!DOCTYPE "... is not valid JSON @ http://localhost:5173/src/Pages/MainPage.tsx?t=1786785835714:97
[14208110ms] [ERROR] error = SyntaxError: Unexpected token '<', "<!DOCTYPE "... is not valid JSON @ http://localhost:5173/src/Pages/MainPage.tsx?t=1786785835714:110
[14208111ms] [LOG] Container @ http://localhost:5173/src/Components/particleBakground.tsx:46
[14208111ms] [ERROR] error = SyntaxError: Unexpected token '<', "<!DOCTYPE "... is not valid JSON @ http://localhost:5173/src/Pages/MainPage.tsx?t=1786785835714:84
[14208111ms] [ERROR] error = SyntaxError: Unexpected token '<', "<!DOCTYPE "... is not valid JSON @ http://localhost:5173/src/Pages/MainPage.tsx?t=1786785835714:58
[14208112ms] [ERROR] error = SyntaxError: Unexpected token '<', "<!DOCTYPE "... is not valid JSON @ http://localhost:5173/src/Pages/MainPage.tsx?t=1786785835714:123
[14208112ms] [ERROR] error = SyntaxError: Unexpected token '<', "<!DOCTYPE "... is not valid JSON @ http://localhost:5173/src/Pages/MainPage.tsx?t=1786785835714:71
[14679670ms] [ERROR] Failed to load resource: net::ERR_NAME_NOT_RESOLVED @ https://api.cryptocast.live/eth:0
[14679670ms] [ERROR] error = TypeError: Failed to fetch
    at getEthPrice (http://localhost:5173/src/Pages/MainPage.tsx:77:31)
    at fetchData (http://localhost:5173/src/Pages/MainPage.tsx:130:17)
    at http://localhost:5173/src/Pages/MainPage.tsx:161:13 @ http://localhost:5173/src/Pages/MainPage.tsx:83
[14679672ms] [ERROR] Failed to load resource: net::ERR_NAME_NOT_RESOLVED @ https://api.cryptocast.live/btc:0
[14679672ms] [ERROR] error = TypeError: Failed to fetch
    at getBtcPrice (http://localhost:5173/src/Pages/MainPage.tsx:90:31)
    at fetchData (http://localhost:5173/src/Pages/MainPage.tsx:131:17)
    at http://localhost:5173/src/Pages/MainPage.tsx:161:13 @ http://localhost:5173/src/Pages/MainPage.tsx:96
[14679672ms] [ERROR] Failed to load resource: net::ERR_NAME_NOT_RESOLVED @ https://api.cryptocast.live/verify/eth:0
[14679672ms] [ERROR] error = TypeError: Failed to fetch
    at getEthVerified (http://localhost:5173/src/Pages/MainPage.tsx:64:31)
    at fetchData (http://localhost:5173/src/Pages/MainPage.tsx:132:17)
    at http://localhost:5173/src/Pages/MainPage.tsx:161:13 @ http://localhost:5173/src/Pages/MainPage.tsx:70
[14679672ms] [ERROR] Failed to load resource: net::ERR_NAME_NOT_RESOLVED @ https://api.cryptocast.live/verify/btc:0
[14679672ms] [ERROR] error = TypeError: Failed to fetch
    at getBtcVerified (http://localhost:5173/src/Pages/MainPage.tsx:51:31)
    at fetchData (http://localhost:5173/src/Pages/MainPage.tsx:133:17)
    at http://localhost:5173/src/Pages/MainPage.tsx:161:13 @ http://localhost:5173/src/Pages/MainPage.tsx:57
[14679673ms] [ERROR] Failed to load resource: net::ERR_NAME_NOT_RESOLVED @ https://api.cryptocast.live/volatility/eth:0
[14679673ms] [ERROR] error = TypeError: Failed to fetch
    at getEthError (http://localhost:5173/src/Pages/MainPage.tsx:103:31)
    at fetchData (http://localhost:5173/src/Pages/MainPage.tsx:134:17)
    at http://localhost:5173/src/Pages/MainPage.tsx:161:13 @ http://localhost:5173/src/Pages/MainPage.tsx:109
[14679673ms] [ERROR] Failed to load resource: net::ERR_NAME_NOT_RESOLVED @ https://api.cryptocast.live/volatility/btc:0
[14679673ms] [ERROR] error = TypeError: Failed to fetch
    at getBtcError (http://localhost:5173/src/Pages/MainPage.tsx:116:31)
    at fetchData (http://localhost:5173/src/Pages/MainPage.tsx:135:17)
    at http://localhost:5173/src/Pages/MainPage.tsx:161:13 @ http://localhost:5173/src/Pages/MainPage.tsx:122
[14679673ms] [ERROR] Failed to load resource: net::ERR_NAME_NOT_RESOLVED @ https://api.cryptocast.live/verify/eth:0
[14679673ms] [ERROR] error = TypeError: Failed to fetch
    at getEthVerified (http://localhost:5173/src/Pages/MainPage.tsx:64:31)
    at fetchData (http://localhost:5173/src/Pages/MainPage.tsx:132:17)
    at http://localhost:5173/src/Pages/MainPage.tsx:161:13 @ http://localhost:5173/src/Pages/MainPage.tsx:70
[14679673ms] [ERROR] Failed to load resource: net::ERR_NAME_NOT_RESOLVED @ https://api.cryptocast.live/btc:0
[14679673ms] [ERROR] error = TypeError: Failed to fetch
    at getBtcPrice (http://localhost:5173/src/Pages/MainPage.tsx:90:31)
    at fetchData (http://localhost:5173/src/Pages/MainPage.tsx:131:17)
    at http://localhost:5173/src/Pages/MainPage.tsx:161:13 @ http://localhost:5173/src/Pages/MainPage.tsx:96
[14679673ms] [ERROR] Failed to load resource: net::ERR_NAME_NOT_RESOLVED @ https://api.cryptocast.live/eth:0
[14679673ms] [ERROR] error = TypeError: Failed to fetch
    at getEthPrice (http://localhost:5173/src/Pages/MainPage.tsx:77:31)
    at fetchData (http://localhost:5173/src/Pages/MainPage.tsx:130:17)
    at http://localhost:5173/src/Pages/MainPage.tsx:161:13 @ http://localhost:5173/src/Pages/MainPage.tsx:83
[14679673ms] [ERROR] Failed to load resource: net::ERR_NAME_NOT_RESOLVED @ https://api.cryptocast.live/volatility/btc:0
[14679673ms] [ERROR] error = TypeError: Failed to fetch
    at getBtcError (http://localhost:5173/src/Pages/MainPage.tsx:116:31)
    at fetchData (http://localhost:5173/src/Pages/MainPage.tsx:135:17)
    at http://localhost:5173/src/Pages/MainPage.tsx:161:13 @ http://localhost:5173/src/Pages/MainPage.tsx:122
[14679673ms] [ERROR] Failed to load resource: net::ERR_NAME_NOT_RESOLVED @ https://api.cryptocast.live/volatility/eth:0
[14679673ms] [ERROR] error = TypeError: Failed to fetch
    at getEthError (http://localhost:5173/src/Pages/MainPage.tsx:103:31)
    at fetchData (http://localhost:5173/src/Pages/MainPage.tsx:134:17)
    at http://localhost:5173/src/Pages/MainPage.tsx:161:13 @ http://localhost:5173/src/Pages/MainPage.tsx:109
[14679673ms] [ERROR] Failed to load resource: net::ERR_NAME_NOT_RESOLVED @ https://api.cryptocast.live/verify/btc:0
[14679673ms] [ERROR] error = TypeError: Failed to fetch
    at getBtcVerified (http://localhost:5173/src/Pages/MainPage.tsx:51:31)
    at fetchData (http://localhost:5173/src/Pages/MainPage.tsx:133:17)
    at http://localhost:5173/src/Pages/MainPage.tsx:161:13 @ http://localhost:5173/src/Pages/MainPage.tsx:57
[14679686ms] [LOG] Container @ http://localhost:5173/src/Components/particleBakground.tsx:46
[14804948ms] [ERROR] Failed to load resource: net::ERR_NAME_NOT_RESOLVED @ https://api.cryptocast.live/eth:0
[14804950ms] [ERROR] error = TypeError: Failed to fetch
    at getEthPrice (http://localhost:5173/src/Pages/MainPage.tsx?t=1786785832504:78:31)
    at fetchData (http://localhost:5173/src/Pages/MainPage.tsx?t=1786785832504:131:17)
    at http://localhost:5173/src/Pages/MainPage.tsx?t=1786785832504:162:13 @ http://localhost:5173/src/Pages/MainPage.tsx?t=1786785832504:84
[14804951ms] [ERROR] Failed to load resource: net::ERR_NAME_NOT_RESOLVED @ https://api.cryptocast.live/btc:0
[14804951ms] [ERROR] error = TypeError: Failed to fetch
    at getBtcPrice (http://localhost:5173/src/Pages/MainPage.tsx?t=1786785832504:91:31)
    at fetchData (http://localhost:5173/src/Pages/MainPage.tsx?t=1786785832504:132:17)
    at http://localhost:5173/src/Pages/MainPage.tsx?t=1786785832504:162:13 @ http://localhost:5173/src/Pages/MainPage.tsx?t=1786785832504:97
[14804952ms] [ERROR] Failed to load resource: net::ERR_NAME_NOT_RESOLVED @ https://api.cryptocast.live/verify/eth:0
[14804952ms] [ERROR] error = TypeError: Failed to fetch
    at getEthVerified (http://localhost:5173/src/Pages/MainPage.tsx?t=1786785832504:65:31)
    at fetchData (http://localhost:5173/src/Pages/MainPage.tsx?t=1786785832504:133:17)
    at http://localhost:5173/src/Pages/MainPage.tsx?t=1786785832504:162:13 @ http://localhost:5173/src/Pages/MainPage.tsx?t=1786785832504:71
[14804952ms] [ERROR] Failed to load resource: net::ERR_NAME_NOT_RESOLVED @ https://api.cryptocast.live/verify/btc:0
[14804952ms] [ERROR] error = TypeError: Failed to fetch
    at getBtcVerified (http://localhost:5173/src/Pages/MainPage.tsx?t=1786785832504:52:31)
    at fetchData (http://localhost:5173/src/Pages/MainPage.tsx?t=1786785832504:134:17)
    at http://localhost:5173/src/Pages/MainPage.tsx?t=1786785832504:162:13 @ http://localhost:5173/src/Pages/MainPage.tsx?t=1786785832504:58
[14804952ms] [ERROR] Failed to load resource: net::ERR_NAME_NOT_RESOLVED @ https://api.cryptocast.live/volatility/eth:0
[14804952ms] [ERROR] error = TypeError: Failed to fetch
    at getEthError (http://localhost:5173/src/Pages/MainPage.tsx?t=1786785832504:104:31)
    at fetchData (http://localhost:5173/src/Pages/MainPage.tsx?t=1786785832504:135:17)
    at http://localhost:5173/src/Pages/MainPage.tsx?t=1786785832504:162:13 @ http://localhost:5173/src/Pages/MainPage.tsx?t=1786785832504:110
[14804952ms] [ERROR] Failed to load resource: net::ERR_NAME_NOT_RESOLVED @ https://api.cryptocast.live/volatility/btc:0
[14804952ms] [ERROR] error = TypeError: Failed to fetch
    at getBtcError (http://localhost:5173/src/Pages/MainPage.tsx?t=1786785832504:117:31)
    at fetchData (http://localhost:5173/src/Pages/MainPage.tsx?t=1786785832504:136:17)
    at http://localhost:5173/src/Pages/MainPage.tsx?t=1786785832504:162:13 @ http://localhost:5173/src/Pages/MainPage.tsx?t=1786785832504:123
[14804952ms] [ERROR] Failed to load resource: net::ERR_NAME_NOT_RESOLVED @ https://api.cryptocast.live/verify/eth:0
[14804952ms] [ERROR] error = TypeError: Failed to fetch
    at getEthVerified (http://localhost:5173/src/Pages/MainPage.tsx?t=1786785832504:65:31)
    at fetchData (http://localhost:5173/src/Pages/MainPage.tsx?t=1786785832504:133:17)
    at http://localhost:5173/src/Pages/MainPage.tsx?t=1786785832504:162:13 @ http://localhost:5173/src/Pages/MainPage.tsx?t=1786785832504:71
[14804952ms] [ERROR] Failed to load resource: net::ERR_NAME_NOT_RESOLVED @ https://api.cryptocast.live/btc:0
[14804952ms] [ERROR] error = TypeError: Failed to fetch
    at getBtcPrice (http://localhost:5173/src/Pages/MainPage.tsx?t=1786785832504:91:31)
    at fetchData (http://localhost:5173/src/Pages/MainPage.tsx?t=1786785832504:132:17)
    at http://localhost:5173/src/Pages/MainPage.tsx?t=1786785832504:162:13 @ http://localhost:5173/src/Pages/MainPage.tsx?t=1786785832504:97
[14804952ms] [ERROR] Failed to load resource: net::ERR_NAME_NOT_RESOLVED @ https://api.cryptocast.live/eth:0
[14804952ms] [ERROR] error = TypeError: Failed to fetch
    at getEthPrice (http://localhost:5173/src/Pages/MainPage.tsx?t=1786785832504:78:31)
    at fetchData (http://localhost:5173/src/Pages/MainPage.tsx?t=1786785832504:131:17)
    at http://localhost:5173/src/Pages/MainPage.tsx?t=1786785832504:162:13 @ http://localhost:5173/src/Pages/MainPage.tsx?t=1786785832504:84
[14804952ms] [ERROR] Failed to load resource: net::ERR_NAME_NOT_RESOLVED @ https://api.cryptocast.live/volatility/btc:0
[14804952ms] [ERROR] error = TypeError: Failed to fetch
    at getBtcError (http://localhost:5173/src/Pages/MainPage.tsx?t=1786785832504:117:31)
    at fetchData (http://localhost:5173/src/Pages/MainPage.tsx?t=1786785832504:136:17)
    at http://localhost:5173/src/Pages/MainPage.tsx?t=1786785832504:162:13 @ http://localhost:5173/src/Pages/MainPage.tsx?t=1786785832504:123
[14804952ms] [ERROR] Failed to load resource: net::ERR_NAME_NOT_RESOLVED @ https://api.cryptocast.live/volatility/eth:0
[14804952ms] [ERROR] error = TypeError: Failed to fetch
    at getEthError (http://localhost:5173/src/Pages/MainPage.tsx?t=1786785832504:104:31)
    at fetchData (http://localhost:5173/src/Pages/MainPage.tsx?t=1786785832504:135:17)
    at http://localhost:5173/src/Pages/MainPage.tsx?t=1786785832504:162:13 @ http://localhost:5173/src/Pages/MainPage.tsx?t=1786785832504:110
[14804952ms] [ERROR] Failed to load resource: net::ERR_NAME_NOT_RESOLVED @ https://api.cryptocast.live/verify/btc:0
[14804952ms] [ERROR] error = TypeError: Failed to fetch
    at getBtcVerified (http://localhost:5173/src/Pages/MainPage.tsx?t=1786785832504:52:31)
    at fetchData (http://localhost:5173/src/Pages/MainPage.tsx?t=1786785832504:134:17)
    at http://localhost:5173/src/Pages/MainPage.tsx?t=1786785832504:162:13 @ http://localhost:5173/src/Pages/MainPage.tsx?t=1786785832504:58
[14808099ms] [ERROR] error = SyntaxError: Unexpected token '<', "<!DOCTYPE "... is not valid JSON @ http://localhost:5173/src/Pages/MainPage.tsx?t=1786785835714:84
[14808099ms] [ERROR] error = SyntaxError: Unexpected token '<', "<!DOCTYPE "... is not valid JSON @ http://localhost:5173/src/Pages/MainPage.tsx?t=1786785835714:97
[14808112ms] [ERROR] error = SyntaxError: Unexpected token '<', "<!DOCTYPE "... is not valid JSON @ http://localhost:5173/src/Pages/MainPage.tsx?t=1786785835714:71
[14808112ms] [ERROR] error = SyntaxError: Unexpected token '<', "<!DOCTYPE "... is not valid JSON @ http://localhost:5173/src/Pages/MainPage.tsx?t=1786785835714:58
[14808113ms] [ERROR] error = SyntaxError: Unexpected token '<', "<!DOCTYPE "... is not valid JSON @ http://localhost:5173/src/Pages/MainPage.tsx?t=1786785835714:110
[14808113ms] [ERROR] error = SyntaxError: Unexpected token '<', "<!DOCTYPE "... is not valid JSON @ http://localhost:5173/src/Pages/MainPage.tsx?t=1786785835714:123
[14808115ms] [LOG] Container @ http://localhost:5173/src/Components/particleBakground.tsx:46
[14808116ms] [ERROR] error = SyntaxError: Unexpected token '<', "<!DOCTYPE "... is not valid JSON @ http://localhost:5173/src/Pages/MainPage.tsx?t=1786785835714:84
[14808116ms] [ERROR] error = SyntaxError: Unexpected token '<', "<!DOCTYPE "... is not valid JSON @ http://localhost:5173/src/Pages/MainPage.tsx?t=1786785835714:97
[14808116ms] [ERROR] error = SyntaxError: Unexpected token '<', "<!DOCTYPE "... is not valid JSON @ http://localhost:5173/src/Pages/MainPage.tsx?t=1786785835714:71
[14808116ms] [ERROR] error = SyntaxError: Unexpected token '<', "<!DOCTYPE "... is not valid JSON @ http://localhost:5173/src/Pages/MainPage.tsx?t=1786785835714:123
[14808116ms] [ERROR] error = SyntaxError: Unexpected token '<', "<!DOCTYPE "... is not valid JSON @ http://localhost:5173/src/Pages/MainPage.tsx?t=1786785835714:110
[14808117ms] [ERROR] error = SyntaxError: Unexpected token '<', "<!DOCTYPE "... is not valid JSON @ http://localhost:5173/src/Pages/MainPage.tsx?t=1786785835714:58
[15279632ms] [ERROR] Failed to load resource: net::ERR_NAME_NOT_RESOLVED @ https://api.cryptocast.live/eth:0
[15279632ms] [ERROR] error = TypeError: Failed to fetch
    at getEthPrice (http://localhost:5173/src/Pages/MainPage.tsx:77:31)
    at fetchData (http://localhost:5173/src/Pages/MainPage.tsx:130:17)
    at http://localhost:5173/src/Pages/MainPage.tsx:161:13 @ http://localhost:5173/src/Pages/MainPage.tsx:83
[15279634ms] [ERROR] Failed to load resource: net::ERR_NAME_NOT_RESOLVED @ https://api.cryptocast.live/btc:0
[15279634ms] [ERROR] error = TypeError: Failed to fetch
    at getBtcPrice (http://localhost:5173/src/Pages/MainPage.tsx:90:31)
    at fetchData (http://localhost:5173/src/Pages/MainPage.tsx:131:17)
    at http://localhost:5173/src/Pages/MainPage.tsx:161:13 @ http://localhost:5173/src/Pages/MainPage.tsx:96
[15279634ms] [ERROR] Failed to load resource: net::ERR_NAME_NOT_RESOLVED @ https://api.cryptocast.live/verify/eth:0
[15279634ms] [ERROR] error = TypeError: Failed to fetch
    at getEthVerified (http://localhost:5173/src/Pages/MainPage.tsx:64:31)
    at fetchData (http://localhost:5173/src/Pages/MainPage.tsx:132:17)
    at http://localhost:5173/src/Pages/MainPage.tsx:161:13 @ http://localhost:5173/src/Pages/MainPage.tsx:70
[15279634ms] [ERROR] Failed to load resource: net::ERR_NAME_NOT_RESOLVED @ https://api.cryptocast.live/verify/btc:0
[15279634ms] [ERROR] error = TypeError: Failed to fetch
    at getBtcVerified (http://localhost:5173/src/Pages/MainPage.tsx:51:31)
    at fetchData (http://localhost:5173/src/Pages/MainPage.tsx:133:17)
    at http://localhost:5173/src/Pages/MainPage.tsx:161:13 @ http://localhost:5173/src/Pages/MainPage.tsx:57
[15279634ms] [ERROR] Failed to load resource: net::ERR_NAME_NOT_RESOLVED @ https://api.cryptocast.live/volatility/eth:0
[15279634ms] [ERROR] error = TypeError: Failed to fetch
    at getEthError (http://localhost:5173/src/Pages/MainPage.tsx:103:31)
    at fetchData (http://localhost:5173/src/Pages/MainPage.tsx:134:17)
    at http://localhost:5173/src/Pages/MainPage.tsx:161:13 @ http://localhost:5173/src/Pages/MainPage.tsx:109
[15279634ms] [ERROR] Failed to load resource: net::ERR_NAME_NOT_RESOLVED @ https://api.cryptocast.live/volatility/btc:0
[15279634ms] [ERROR] error = TypeError: Failed to fetch
    at getBtcError (http://localhost:5173/src/Pages/MainPage.tsx:116:31)
    at fetchData (http://localhost:5173/src/Pages/MainPage.tsx:135:17)
    at http://localhost:5173/src/Pages/MainPage.tsx:161:13 @ http://localhost:5173/src/Pages/MainPage.tsx:122
[15279636ms] [ERROR] Failed to load resource: net::ERR_NAME_NOT_RESOLVED @ https://api.cryptocast.live/verify/eth:0
[15279636ms] [ERROR] error = TypeError: Failed to fetch
    at getEthVerified (http://localhost:5173/src/Pages/MainPage.tsx:64:31)
    at fetchData (http://localhost:5173/src/Pages/MainPage.tsx:132:17)
    at http://localhost:5173/src/Pages/MainPage.tsx:161:13 @ http://localhost:5173/src/Pages/MainPage.tsx:70
[15279636ms] [ERROR] Failed to load resource: net::ERR_NAME_NOT_RESOLVED @ https://api.cryptocast.live/btc:0
[15279636ms] [ERROR] error = TypeError: Failed to fetch
    at getBtcPrice (http://localhost:5173/src/Pages/MainPage.tsx:90:31)
    at fetchData (http://localhost:5173/src/Pages/MainPage.tsx:131:17)
    at http://localhost:5173/src/Pages/MainPage.tsx:161:13 @ http://localhost:5173/src/Pages/MainPage.tsx:96
[15279636ms] [ERROR] Failed to load resource: net::ERR_NAME_NOT_RESOLVED @ https://api.cryptocast.live/eth:0
[15279636ms] [ERROR] error = TypeError: Failed to fetch
    at getEthPrice (http://localhost:5173/src/Pages/MainPage.tsx:77:31)
    at fetchData (http://localhost:5173/src/Pages/MainPage.tsx:130:17)
    at http://localhost:5173/src/Pages/MainPage.tsx:161:13 @ http://localhost:5173/src/Pages/MainPage.tsx:83
[15279636ms] [ERROR] Failed to load resource: net::ERR_NAME_NOT_RESOLVED @ https://api.cryptocast.live/volatility/btc:0
[15279636ms] [ERROR] error = TypeError: Failed to fetch
    at getBtcError (http://localhost:5173/src/Pages/MainPage.tsx:116:31)
    at fetchData (http://localhost:5173/src/Pages/MainPage.tsx:135:17)
    at http://localhost:5173/src/Pages/MainPage.tsx:161:13 @ http://localhost:5173/src/Pages/MainPage.tsx:122
[15279636ms] [ERROR] Failed to load resource: net::ERR_NAME_NOT_RESOLVED @ https://api.cryptocast.live/volatility/eth:0
[15279636ms] [ERROR] error = TypeError: Failed to fetch
    at getEthError (http://localhost:5173/src/Pages/MainPage.tsx:103:31)
    at fetchData (http://localhost:5173/src/Pages/MainPage.tsx:134:17)
    at http://localhost:5173/src/Pages/MainPage.tsx:161:13 @ http://localhost:5173/src/Pages/MainPage.tsx:109
[15279636ms] [ERROR] Failed to load resource: net::ERR_NAME_NOT_RESOLVED @ https://api.cryptocast.live/verify/btc:0
[15279636ms] [ERROR] error = TypeError: Failed to fetch
    at getBtcVerified (http://localhost:5173/src/Pages/MainPage.tsx:51:31)
    at fetchData (http://localhost:5173/src/Pages/MainPage.tsx:133:17)
    at http://localhost:5173/src/Pages/MainPage.tsx:161:13 @ http://localhost:5173/src/Pages/MainPage.tsx:57
[15279644ms] [LOG] Container @ http://localhost:5173/src/Components/particleBakground.tsx:46
[15404920ms] [ERROR] Failed to load resource: net::ERR_NAME_NOT_RESOLVED @ https://api.cryptocast.live/eth:0
[15404920ms] [ERROR] error = TypeError: Failed to fetch
    at getEthPrice (http://localhost:5173/src/Pages/MainPage.tsx?t=1786785832504:78:31)
    at fetchData (http://localhost:5173/src/Pages/MainPage.tsx?t=1786785832504:131:17)
    at http://localhost:5173/src/Pages/MainPage.tsx?t=1786785832504:162:13 @ http://localhost:5173/src/Pages/MainPage.tsx?t=1786785832504:84
[15404920ms] [ERROR] Failed to load resource: net::ERR_NAME_NOT_RESOLVED @ https://api.cryptocast.live/btc:0
[15404920ms] [ERROR] error = TypeError: Failed to fetch
    at getBtcPrice (http://localhost:5173/src/Pages/MainPage.tsx?t=1786785832504:91:31)
    at fetchData (http://localhost:5173/src/Pages/MainPage.tsx?t=1786785832504:132:17)
    at http://localhost:5173/src/Pages/MainPage.tsx?t=1786785832504:162:13 @ http://localhost:5173/src/Pages/MainPage.tsx?t=1786785832504:97
[15404920ms] [ERROR] Failed to load resource: net::ERR_NAME_NOT_RESOLVED @ https://api.cryptocast.live/verify/eth:0
[15404920ms] [ERROR] error = TypeError: Failed to fetch
    at getEthVerified (http://localhost:5173/src/Pages/MainPage.tsx?t=1786785832504:65:31)
    at fetchData (http://localhost:5173/src/Pages/MainPage.tsx?t=1786785832504:133:17)
    at http://localhost:5173/src/Pages/MainPage.tsx?t=1786785832504:162:13 @ http://localhost:5173/src/Pages/MainPage.tsx?t=1786785832504:71
[15404920ms] [ERROR] Failed to load resource: net::ERR_NAME_NOT_RESOLVED @ https://api.cryptocast.live/verify/btc:0
[15404920ms] [ERROR] error = TypeError: Failed to fetch
    at getBtcVerified (http://localhost:5173/src/Pages/MainPage.tsx?t=1786785832504:52:31)
    at fetchData (http://localhost:5173/src/Pages/MainPage.tsx?t=1786785832504:134:17)
    at http://localhost:5173/src/Pages/MainPage.tsx?t=1786785832504:162:13 @ http://localhost:5173/src/Pages/MainPage.tsx?t=1786785832504:58
[15404920ms] [ERROR] Failed to load resource: net::ERR_NAME_NOT_RESOLVED @ https://api.cryptocast.live/volatility/eth:0
[15404920ms] [ERROR] error = TypeError: Failed to fetch
    at getEthError (http://localhost:5173/src/Pages/MainPage.tsx?t=1786785832504:104:31)
    at fetchData (http://localhost:5173/src/Pages/MainPage.tsx?t=1786785832504:135:17)
    at http://localhost:5173/src/Pages/MainPage.tsx?t=1786785832504:162:13 @ http://localhost:5173/src/Pages/MainPage.tsx?t=1786785832504:110
[15404920ms] [ERROR] Failed to load resource: net::ERR_NAME_NOT_RESOLVED @ https://api.cryptocast.live/volatility/btc:0
[15404920ms] [ERROR] error = TypeError: Failed to fetch
    at getBtcError (http://localhost:5173/src/Pages/MainPage.tsx?t=1786785832504:117:31)
    at fetchData (http://localhost:5173/src/Pages/MainPage.tsx?t=1786785832504:136:17)
    at http://localhost:5173/src/Pages/MainPage.tsx?t=1786785832504:162:13 @ http://localhost:5173/src/Pages/MainPage.tsx?t=1786785832504:123
[15404921ms] [ERROR] Failed to load resource: net::ERR_NAME_NOT_RESOLVED @ https://api.cryptocast.live/verify/eth:0
[15404921ms] [ERROR] error = TypeError: Failed to fetch
    at getEthVerified (http://localhost:5173/src/Pages/MainPage.tsx?t=1786785832504:65:31)
    at fetchData (http://localhost:5173/src/Pages/MainPage.tsx?t=1786785832504:133:17)
    at http://localhost:5173/src/Pages/MainPage.tsx?t=1786785832504:162:13 @ http://localhost:5173/src/Pages/MainPage.tsx?t=1786785832504:71
[15404921ms] [ERROR] Failed to load resource: net::ERR_NAME_NOT_RESOLVED @ https://api.cryptocast.live/btc:0
[15404921ms] [ERROR] error = TypeError: Failed to fetch
    at getBtcPrice (http://localhost:5173/src/Pages/MainPage.tsx?t=1786785832504:91:31)
    at fetchData (http://localhost:5173/src/Pages/MainPage.tsx?t=1786785832504:132:17)
    at http://localhost:5173/src/Pages/MainPage.tsx?t=1786785832504:162:13 @ http://localhost:5173/src/Pages/MainPage.tsx?t=1786785832504:97
[15404921ms] [ERROR] Failed to load resource: net::ERR_NAME_NOT_RESOLVED @ https://api.cryptocast.live/eth:0
[15404921ms] [ERROR] error = TypeError: Failed to fetch
    at getEthPrice (http://localhost:5173/src/Pages/MainPage.tsx?t=1786785832504:78:31)
    at fetchData (http://localhost:5173/src/Pages/MainPage.tsx?t=1786785832504:131:17)
    at http://localhost:5173/src/Pages/MainPage.tsx?t=1786785832504:162:13 @ http://localhost:5173/src/Pages/MainPage.tsx?t=1786785832504:84
[15404921ms] [ERROR] Failed to load resource: net::ERR_NAME_NOT_RESOLVED @ https://api.cryptocast.live/volatility/btc:0
[15404921ms] [ERROR] error = TypeError: Failed to fetch
    at getBtcError (http://localhost:5173/src/Pages/MainPage.tsx?t=1786785832504:117:31)
    at fetchData (http://localhost:5173/src/Pages/MainPage.tsx?t=1786785832504:136:17)
    at http://localhost:5173/src/Pages/MainPage.tsx?t=1786785832504:162:13 @ http://localhost:5173/src/Pages/MainPage.tsx?t=1786785832504:123
[15404922ms] [ERROR] Failed to load resource: net::ERR_NAME_NOT_RESOLVED @ https://api.cryptocast.live/volatility/eth:0
[15404922ms] [ERROR] error = TypeError: Failed to fetch
    at getEthError (http://localhost:5173/src/Pages/MainPage.tsx?t=1786785832504:104:31)
    at fetchData (http://localhost:5173/src/Pages/MainPage.tsx?t=1786785832504:135:17)
    at http://localhost:5173/src/Pages/MainPage.tsx?t=1786785832504:162:13 @ http://localhost:5173/src/Pages/MainPage.tsx?t=1786785832504:110
[15404922ms] [ERROR] Failed to load resource: net::ERR_NAME_NOT_RESOLVED @ https://api.cryptocast.live/verify/btc:0
[15404922ms] [ERROR] error = TypeError: Failed to fetch
    at getBtcVerified (http://localhost:5173/src/Pages/MainPage.tsx?t=1786785832504:52:31)
    at fetchData (http://localhost:5173/src/Pages/MainPage.tsx?t=1786785832504:134:17)
    at http://localhost:5173/src/Pages/MainPage.tsx?t=1786785832504:162:13 @ http://localhost:5173/src/Pages/MainPage.tsx?t=1786785832504:58
[15408098ms] [ERROR] error = SyntaxError: Unexpected token '<', "<!DOCTYPE "... is not valid JSON @ http://localhost:5173/src/Pages/MainPage.tsx?t=1786785835714:84
[15408099ms] [ERROR] error = SyntaxError: Unexpected token '<', "<!DOCTYPE "... is not valid JSON @ http://localhost:5173/src/Pages/MainPage.tsx?t=1786785835714:58
[15408099ms] [ERROR] error = SyntaxError: Unexpected token '<', "<!DOCTYPE "... is not valid JSON @ http://localhost:5173/src/Pages/MainPage.tsx?t=1786785835714:110
[15408099ms] [ERROR] error = SyntaxError: Unexpected token '<', "<!DOCTYPE "... is not valid JSON @ http://localhost:5173/src/Pages/MainPage.tsx?t=1786785835714:71
[15408104ms] [ERROR] error = SyntaxError: Unexpected token '<', "<!DOCTYPE "... is not valid JSON @ http://localhost:5173/src/Pages/MainPage.tsx?t=1786785835714:123
[15408104ms] [ERROR] error = SyntaxError: Unexpected token '<', "<!DOCTYPE "... is not valid JSON @ http://localhost:5173/src/Pages/MainPage.tsx?t=1786785835714:97
[15408104ms] [ERROR] error = SyntaxError: Unexpected token '<', "<!DOCTYPE "... is not valid JSON @ http://localhost:5173/src/Pages/MainPage.tsx?t=1786785835714:84
[15408105ms] [ERROR] error = SyntaxError: Unexpected token '<', "<!DOCTYPE "... is not valid JSON @ http://localhost:5173/src/Pages/MainPage.tsx?t=1786785835714:58
[15408106ms] [LOG] Container @ http://localhost:5173/src/Components/particleBakground.tsx:46
[15408106ms] [ERROR] error = SyntaxError: Unexpected token '<', "<!DOCTYPE "... is not valid JSON @ http://localhost:5173/src/Pages/MainPage.tsx?t=1786785835714:71
[15408106ms] [ERROR] error = SyntaxError: Unexpected token '<', "<!DOCTYPE "... is not valid JSON @ http://localhost:5173/src/Pages/MainPage.tsx?t=1786785835714:110
[15408106ms] [ERROR] error = SyntaxError: Unexpected token '<', "<!DOCTYPE "... is not valid JSON @ http://localhost:5173/src/Pages/MainPage.tsx?t=1786785835714:123
[15408107ms] [ERROR] error = SyntaxError: Unexpected token '<', "<!DOCTYPE "... is not valid JSON @ http://localhost:5173/src/Pages/MainPage.tsx?t=1786785835714:97
[15879676ms] [ERROR] Failed to load resource: net::ERR_NAME_NOT_RESOLVED @ https://api.cryptocast.live/eth:0
[15879677ms] [ERROR] error = TypeError: Failed to fetch
    at getEthPrice (http://localhost:5173/src/Pages/MainPage.tsx:77:31)
    at fetchData (http://localhost:5173/src/Pages/MainPage.tsx:130:17)
    at http://localhost:5173/src/Pages/MainPage.tsx:161:13 @ http://localhost:5173/src/Pages/MainPage.tsx:83
[15879678ms] [ERROR] Failed to load resource: net::ERR_NAME_NOT_RESOLVED @ https://api.cryptocast.live/btc:0
[15879678ms] [ERROR] error = TypeError: Failed to fetch
    at getBtcPrice (http://localhost:5173/src/Pages/MainPage.tsx:90:31)
    at fetchData (http://localhost:5173/src/Pages/MainPage.tsx:131:17)
    at http://localhost:5173/src/Pages/MainPage.tsx:161:13 @ http://localhost:5173/src/Pages/MainPage.tsx:96
[15879678ms] [ERROR] Failed to load resource: net::ERR_NAME_NOT_RESOLVED @ https://api.cryptocast.live/verify/eth:0
[15879678ms] [ERROR] error = TypeError: Failed to fetch
    at getEthVerified (http://localhost:5173/src/Pages/MainPage.tsx:64:31)
    at fetchData (http://localhost:5173/src/Pages/MainPage.tsx:132:17)
    at http://localhost:5173/src/Pages/MainPage.tsx:161:13 @ http://localhost:5173/src/Pages/MainPage.tsx:70
[15879678ms] [ERROR] Failed to load resource: net::ERR_NAME_NOT_RESOLVED @ https://api.cryptocast.live/verify/btc:0
[15879678ms] [ERROR] error = TypeError: Failed to fetch
    at getBtcVerified (http://localhost:5173/src/Pages/MainPage.tsx:51:31)
    at fetchData (http://localhost:5173/src/Pages/MainPage.tsx:133:17)
    at http://localhost:5173/src/Pages/MainPage.tsx:161:13 @ http://localhost:5173/src/Pages/MainPage.tsx:57
[15879679ms] [ERROR] Failed to load resource: net::ERR_NAME_NOT_RESOLVED @ https://api.cryptocast.live/volatility/eth:0
[15879679ms] [ERROR] error = TypeError: Failed to fetch
    at getEthError (http://localhost:5173/src/Pages/MainPage.tsx:103:31)
    at fetchData (http://localhost:5173/src/Pages/MainPage.tsx:134:17)
    at http://localhost:5173/src/Pages/MainPage.tsx:161:13 @ http://localhost:5173/src/Pages/MainPage.tsx:109
[15879679ms] [ERROR] Failed to load resource: net::ERR_NAME_NOT_RESOLVED @ https://api.cryptocast.live/volatility/btc:0
[15879679ms] [ERROR] error = TypeError: Failed to fetch
    at getBtcError (http://localhost:5173/src/Pages/MainPage.tsx:116:31)
    at fetchData (http://localhost:5173/src/Pages/MainPage.tsx:135:17)
    at http://localhost:5173/src/Pages/MainPage.tsx:161:13 @ http://localhost:5173/src/Pages/MainPage.tsx:122
[15879679ms] [ERROR] Failed to load resource: net::ERR_NAME_NOT_RESOLVED @ https://api.cryptocast.live/verify/eth:0
[15879679ms] [ERROR] error = TypeError: Failed to fetch
    at getEthVerified (http://localhost:5173/src/Pages/MainPage.tsx:64:31)
    at fetchData (http://localhost:5173/src/Pages/MainPage.tsx:132:17)
    at http://localhost:5173/src/Pages/MainPage.tsx:161:13 @ http://localhost:5173/src/Pages/MainPage.tsx:70
[15879679ms] [ERROR] Failed to load resource: net::ERR_NAME_NOT_RESOLVED @ https://api.cryptocast.live/btc:0
[15879679ms] [ERROR] error = TypeError: Failed to fetch
    at getBtcPrice (http://localhost:5173/src/Pages/MainPage.tsx:90:31)
    at fetchData (http://localhost:5173/src/Pages/MainPage.tsx:131:17)
    at http://localhost:5173/src/Pages/MainPage.tsx:161:13 @ http://localhost:5173/src/Pages/MainPage.tsx:96
[15879680ms] [ERROR] Failed to load resource: net::ERR_NAME_NOT_RESOLVED @ https://api.cryptocast.live/eth:0
[15879680ms] [ERROR] error = TypeError: Failed to fetch
    at getEthPrice (http://localhost:5173/src/Pages/MainPage.tsx:77:31)
    at fetchData (http://localhost:5173/src/Pages/MainPage.tsx:130:17)
    at http://localhost:5173/src/Pages/MainPage.tsx:161:13 @ http://localhost:5173/src/Pages/MainPage.tsx:83
[15879680ms] [ERROR] Failed to load resource: net::ERR_NAME_NOT_RESOLVED @ https://api.cryptocast.live/volatility/btc:0
[15879680ms] [ERROR] error = TypeError: Failed to fetch
    at getBtcError (http://localhost:5173/src/Pages/MainPage.tsx:116:31)
    at fetchData (http://localhost:5173/src/Pages/MainPage.tsx:135:17)
    at http://localhost:5173/src/Pages/MainPage.tsx:161:13 @ http://localhost:5173/src/Pages/MainPage.tsx:122
[15879680ms] [ERROR] Failed to load resource: net::ERR_NAME_NOT_RESOLVED @ https://api.cryptocast.live/volatility/eth:0
[15879680ms] [ERROR] error = TypeError: Failed to fetch
    at getEthError (http://localhost:5173/src/Pages/MainPage.tsx:103:31)
    at fetchData (http://localhost:5173/src/Pages/MainPage.tsx:134:17)
    at http://localhost:5173/src/Pages/MainPage.tsx:161:13 @ http://localhost:5173/src/Pages/MainPage.tsx:109
[15879680ms] [ERROR] Failed to load resource: net::ERR_NAME_NOT_RESOLVED @ https://api.cryptocast.live/verify/btc:0
[15879680ms] [ERROR] error = TypeError: Failed to fetch
    at getBtcVerified (http://localhost:5173/src/Pages/MainPage.tsx:51:31)
    at fetchData (http://localhost:5173/src/Pages/MainPage.tsx:133:17)
    at http://localhost:5173/src/Pages/MainPage.tsx:161:13 @ http://localhost:5173/src/Pages/MainPage.tsx:57
[15879695ms] [LOG] Container @ http://localhost:5173/src/Components/particleBakground.tsx:46
[16005029ms] [ERROR] Failed to load resource: net::ERR_NAME_NOT_RESOLVED @ https://api.cryptocast.live/eth:0
[16005029ms] [ERROR] error = TypeError: Failed to fetch
    at getEthPrice (http://localhost:5173/src/Pages/MainPage.tsx?t=1786785832504:78:31)
    at fetchData (http://localhost:5173/src/Pages/MainPage.tsx?t=1786785832504:131:17)
    at http://localhost:5173/src/Pages/MainPage.tsx?t=1786785832504:162:13 @ http://localhost:5173/src/Pages/MainPage.tsx?t=1786785832504:84
[16005031ms] [ERROR] Failed to load resource: net::ERR_NAME_NOT_RESOLVED @ https://api.cryptocast.live/btc:0
[16005031ms] [ERROR] error = TypeError: Failed to fetch
    at getBtcPrice (http://localhost:5173/src/Pages/MainPage.tsx?t=1786785832504:91:31)
    at fetchData (http://localhost:5173/src/Pages/MainPage.tsx?t=1786785832504:132:17)
    at http://localhost:5173/src/Pages/MainPage.tsx?t=1786785832504:162:13 @ http://localhost:5173/src/Pages/MainPage.tsx?t=1786785832504:97
[16005031ms] [ERROR] Failed to load resource: net::ERR_NAME_NOT_RESOLVED @ https://api.cryptocast.live/verify/eth:0
[16005031ms] [ERROR] error = TypeError: Failed to fetch
    at getEthVerified (http://localhost:5173/src/Pages/MainPage.tsx?t=1786785832504:65:31)
    at fetchData (http://localhost:5173/src/Pages/MainPage.tsx?t=1786785832504:133:17)
    at http://localhost:5173/src/Pages/MainPage.tsx?t=1786785832504:162:13 @ http://localhost:5173/src/Pages/MainPage.tsx?t=1786785832504:71
[16005031ms] [ERROR] Failed to load resource: net::ERR_NAME_NOT_RESOLVED @ https://api.cryptocast.live/verify/btc:0
[16005031ms] [ERROR] error = TypeError: Failed to fetch
    at getBtcVerified (http://localhost:5173/src/Pages/MainPage.tsx?t=1786785832504:52:31)
    at fetchData (http://localhost:5173/src/Pages/MainPage.tsx?t=1786785832504:134:17)
    at http://localhost:5173/src/Pages/MainPage.tsx?t=1786785832504:162:13 @ http://localhost:5173/src/Pages/MainPage.tsx?t=1786785832504:58
[16005031ms] [ERROR] Failed to load resource: net::ERR_NAME_NOT_RESOLVED @ https://api.cryptocast.live/volatility/eth:0
[16005031ms] [ERROR] error = TypeError: Failed to fetch
    at getEthError (http://localhost:5173/src/Pages/MainPage.tsx?t=1786785832504:104:31)
    at fetchData (http://localhost:5173/src/Pages/MainPage.tsx?t=1786785832504:135:17)
    at http://localhost:5173/src/Pages/MainPage.tsx?t=1786785832504:162:13 @ http://localhost:5173/src/Pages/MainPage.tsx?t=1786785832504:110
[16005032ms] [ERROR] Failed to load resource: net::ERR_NAME_NOT_RESOLVED @ https://api.cryptocast.live/volatility/btc:0
[16005032ms] [ERROR] error = TypeError: Failed to fetch
    at getBtcError (http://localhost:5173/src/Pages/MainPage.tsx?t=1786785832504:117:31)
    at fetchData (http://localhost:5173/src/Pages/MainPage.tsx?t=1786785832504:136:17)
    at http://localhost:5173/src/Pages/MainPage.tsx?t=1786785832504:162:13 @ http://localhost:5173/src/Pages/MainPage.tsx?t=1786785832504:123
[16005032ms] [ERROR] Failed to load resource: net::ERR_NAME_NOT_RESOLVED @ https://api.cryptocast.live/verify/eth:0
[16005033ms] [ERROR] error = TypeError: Failed to fetch
    at getEthVerified (http://localhost:5173/src/Pages/MainPage.tsx?t=1786785832504:65:31)
    at fetchData (http://localhost:5173/src/Pages/MainPage.tsx?t=1786785832504:133:17)
    at http://localhost:5173/src/Pages/MainPage.tsx?t=1786785832504:162:13 @ http://localhost:5173/src/Pages/MainPage.tsx?t=1786785832504:71
[16005033ms] [ERROR] Failed to load resource: net::ERR_NAME_NOT_RESOLVED @ https://api.cryptocast.live/btc:0
[16005033ms] [ERROR] error = TypeError: Failed to fetch
    at getBtcPrice (http://localhost:5173/src/Pages/MainPage.tsx?t=1786785832504:91:31)
    at fetchData (http://localhost:5173/src/Pages/MainPage.tsx?t=1786785832504:132:17)
    at http://localhost:5173/src/Pages/MainPage.tsx?t=1786785832504:162:13 @ http://localhost:5173/src/Pages/MainPage.tsx?t=1786785832504:97
[16005033ms] [ERROR] Failed to load resource: net::ERR_NAME_NOT_RESOLVED @ https://api.cryptocast.live/eth:0
[16005033ms] [ERROR] error = TypeError: Failed to fetch
    at getEthPrice (http://localhost:5173/src/Pages/MainPage.tsx?t=1786785832504:78:31)
    at fetchData (http://localhost:5173/src/Pages/MainPage.tsx?t=1786785832504:131:17)
    at http://localhost:5173/src/Pages/MainPage.tsx?t=1786785832504:162:13 @ http://localhost:5173/src/Pages/MainPage.tsx?t=1786785832504:84
[16005033ms] [ERROR] Failed to load resource: net::ERR_NAME_NOT_RESOLVED @ https://api.cryptocast.live/volatility/btc:0
[16005033ms] [ERROR] error = TypeError: Failed to fetch
    at getBtcError (http://localhost:5173/src/Pages/MainPage.tsx?t=1786785832504:117:31)
    at fetchData (http://localhost:5173/src/Pages/MainPage.tsx?t=1786785832504:136:17)
    at http://localhost:5173/src/Pages/MainPage.tsx?t=1786785832504:162:13 @ http://localhost:5173/src/Pages/MainPage.tsx?t=1786785832504:123
[16005033ms] [ERROR] Failed to load resource: net::ERR_NAME_NOT_RESOLVED @ https://api.cryptocast.live/volatility/eth:0
[16005033ms] [ERROR] error = TypeError: Failed to fetch
    at getEthError (http://localhost:5173/src/Pages/MainPage.tsx?t=1786785832504:104:31)
    at fetchData (http://localhost:5173/src/Pages/MainPage.tsx?t=1786785832504:135:17)
    at http://localhost:5173/src/Pages/MainPage.tsx?t=1786785832504:162:13 @ http://localhost:5173/src/Pages/MainPage.tsx?t=1786785832504:110
[16005033ms] [ERROR] Failed to load resource: net::ERR_NAME_NOT_RESOLVED @ https://api.cryptocast.live/verify/btc:0
[16005033ms] [ERROR] error = TypeError: Failed to fetch
    at getBtcVerified (http://localhost:5173/src/Pages/MainPage.tsx?t=1786785832504:52:31)
    at fetchData (http://localhost:5173/src/Pages/MainPage.tsx?t=1786785832504:134:17)
    at http://localhost:5173/src/Pages/MainPage.tsx?t=1786785832504:162:13 @ http://localhost:5173/src/Pages/MainPage.tsx?t=1786785832504:58
[16008095ms] [ERROR] error = SyntaxError: Unexpected token '<', "<!DOCTYPE "... is not valid JSON @ http://localhost:5173/src/Pages/MainPage.tsx?t=1786785835714:71
[16008096ms] [ERROR] error = SyntaxError: Unexpected token '<', "<!DOCTYPE "... is not valid JSON @ http://localhost:5173/src/Pages/MainPage.tsx?t=1786785835714:110
[16008096ms] [ERROR] error = SyntaxError: Unexpected token '<', "<!DOCTYPE "... is not valid JSON @ http://localhost:5173/src/Pages/MainPage.tsx?t=1786785835714:58
[16008102ms] [ERROR] error = SyntaxError: Unexpected token '<', "<!DOCTYPE "... is not valid JSON @ http://localhost:5173/src/Pages/MainPage.tsx?t=1786785835714:123
[16008102ms] [ERROR] error = SyntaxError: Unexpected token '<', "<!DOCTYPE "... is not valid JSON @ http://localhost:5173/src/Pages/MainPage.tsx?t=1786785835714:97
[16008103ms] [LOG] Container @ http://localhost:5173/src/Components/particleBakground.tsx:46
[16008103ms] [ERROR] error = SyntaxError: Unexpected token '<', "<!DOCTYPE "... is not valid JSON @ http://localhost:5173/src/Pages/MainPage.tsx?t=1786785835714:84
[16008103ms] [ERROR] error = SyntaxError: Unexpected token '<', "<!DOCTYPE "... is not valid JSON @ http://localhost:5173/src/Pages/MainPage.tsx?t=1786785835714:71
[16008104ms] [ERROR] error = SyntaxError: Unexpected token '<', "<!DOCTYPE "... is not valid JSON @ http://localhost:5173/src/Pages/MainPage.tsx?t=1786785835714:110
[16008105ms] [ERROR] error = SyntaxError: Unexpected token '<', "<!DOCTYPE "... is not valid JSON @ http://localhost:5173/src/Pages/MainPage.tsx?t=1786785835714:58
[16008106ms] [ERROR] error = SyntaxError: Unexpected token '<', "<!DOCTYPE "... is not valid JSON @ http://localhost:5173/src/Pages/MainPage.tsx?t=1786785835714:123
[16008106ms] [ERROR] error = SyntaxError: Unexpected token '<', "<!DOCTYPE "... is not valid JSON @ http://localhost:5173/src/Pages/MainPage.tsx?t=1786785835714:97
[16008106ms] [ERROR] error = SyntaxError: Unexpected token '<', "<!DOCTYPE "... is not valid JSON @ http://localhost:5173/src/Pages/MainPage.tsx?t=1786785835714:84
[16221237ms] [ERROR] Failed to load resource: net::ERR_CONNECTION_REFUSED @ http://localhost:5000/eth:0
[16221237ms] [ERROR] error = TypeError: Failed to fetch
    at getEthPrice (http://localhost:5173/src/Pages/MainPage.tsx?t=1786795048809:78:31)
    at fetchData (http://localhost:5173/src/Pages/MainPage.tsx?t=1786795048809:131:17)
    at http://localhost:5173/src/Pages/MainPage.tsx?t=1786795048809:160:9
    at updateMemo (http://localhost:5173/node_modules/.vite/deps/chunk-YFB5YCE7.js?v=28f1e096:12258:27)
    at Object.useMemo (http://localhost:5173/node_modules/.vite/deps/chunk-YFB5YCE7.js?v=28f1e096:12774:24)
    at useMemo (http://localhost:5173/node_modules/.vite/deps/chunk-RLJ2RCJQ.js?v=28f1e096:1094:29)
    at MainPage (http://localhost:5173/src/Pages/MainPage.tsx?t=1786795048809:159:5)
    at renderWithHooks (http://localhost:5173/node_modules/.vite/deps/chunk-YFB5YCE7.js?v=28f1e096:11596:26)
    at updateFunctionComponent (http://localhost:5173/node_modules/.vite/deps/chunk-YFB5YCE7.js?v=28f1e096:14630:28)
    at beginWork (http://localhost:5173/node_modules/.vite/deps/chunk-YFB5YCE7.js?v=28f1e096:15972:22) @ http://localhost:5173/src/Pages/MainPage.tsx?t=1786795048809:84
[16221245ms] [ERROR] Failed to load resource: net::ERR_CONNECTION_REFUSED @ http://localhost:5000/btc:0
[16221245ms] [ERROR] error = TypeError: Failed to fetch
    at getBtcPrice (http://localhost:5173/src/Pages/MainPage.tsx?t=1786795048809:91:31)
    at fetchData (http://localhost:5173/src/Pages/MainPage.tsx?t=1786795048809:132:17)
    at http://localhost:5173/src/Pages/MainPage.tsx?t=1786795048809:160:9
    at updateMemo (http://localhost:5173/node_modules/.vite/deps/chunk-YFB5YCE7.js?v=28f1e096:12258:27)
    at Object.useMemo (http://localhost:5173/node_modules/.vite/deps/chunk-YFB5YCE7.js?v=28f1e096:12774:24)
    at useMemo (http://localhost:5173/node_modules/.vite/deps/chunk-RLJ2RCJQ.js?v=28f1e096:1094:29)
    at MainPage (http://localhost:5173/src/Pages/MainPage.tsx?t=1786795048809:159:5)
    at renderWithHooks (http://localhost:5173/node_modules/.vite/deps/chunk-YFB5YCE7.js?v=28f1e096:11596:26)
    at updateFunctionComponent (http://localhost:5173/node_modules/.vite/deps/chunk-YFB5YCE7.js?v=28f1e096:14630:28)
    at beginWork (http://localhost:5173/node_modules/.vite/deps/chunk-YFB5YCE7.js?v=28f1e096:15972:22) @ http://localhost:5173/src/Pages/MainPage.tsx?t=1786795048809:97
[16221245ms] [ERROR] Failed to load resource: net::ERR_CONNECTION_REFUSED @ http://localhost:5000/verify/eth:0
[16221245ms] [ERROR] error = TypeError: Failed to fetch
    at getEthVerified (http://localhost:5173/src/Pages/MainPage.tsx?t=1786795048809:65:31)
    at fetchData (http://localhost:5173/src/Pages/MainPage.tsx?t=1786795048809:133:17)
    at http://localhost:5173/src/Pages/MainPage.tsx?t=1786795048809:160:9
    at updateMemo (http://localhost:5173/node_modules/.vite/deps/chunk-YFB5YCE7.js?v=28f1e096:12258:27)
    at Object.useMemo (http://localhost:5173/node_modules/.vite/deps/chunk-YFB5YCE7.js?v=28f1e096:12774:24)
    at useMemo (http://localhost:5173/node_modules/.vite/deps/chunk-RLJ2RCJQ.js?v=28f1e096:1094:29)
    at MainPage (http://localhost:5173/src/Pages/MainPage.tsx?t=1786795048809:159:5)
    at renderWithHooks (http://localhost:5173/node_modules/.vite/deps/chunk-YFB5YCE7.js?v=28f1e096:11596:26)
    at updateFunctionComponent (http://localhost:5173/node_modules/.vite/deps/chunk-YFB5YCE7.js?v=28f1e096:14630:28)
    at beginWork (http://localhost:5173/node_modules/.vite/deps/chunk-YFB5YCE7.js?v=28f1e096:15972:22) @ http://localhost:5173/src/Pages/MainPage.tsx?t=1786795048809:71
[16221245ms] [ERROR] Failed to load resource: net::ERR_CONNECTION_REFUSED @ http://localhost:5000/verify/btc:0
[16221245ms] [ERROR] error = TypeError: Failed to fetch
    at getBtcVerified (http://localhost:5173/src/Pages/MainPage.tsx?t=1786795048809:52:31)
    at fetchData (http://localhost:5173/src/Pages/MainPage.tsx?t=1786795048809:134:17)
    at http://localhost:5173/src/Pages/MainPage.tsx?t=1786795048809:160:9
    at updateMemo (http://localhost:5173/node_modules/.vite/deps/chunk-YFB5YCE7.js?v=28f1e096:12258:27)
    at Object.useMemo (http://localhost:5173/node_modules/.vite/deps/chunk-YFB5YCE7.js?v=28f1e096:12774:24)
    at useMemo (http://localhost:5173/node_modules/.vite/deps/chunk-RLJ2RCJQ.js?v=28f1e096:1094:29)
    at MainPage (http://localhost:5173/src/Pages/MainPage.tsx?t=1786795048809:159:5)
    at renderWithHooks (http://localhost:5173/node_modules/.vite/deps/chunk-YFB5YCE7.js?v=28f1e096:11596:26)
    at updateFunctionComponent (http://localhost:5173/node_modules/.vite/deps/chunk-YFB5YCE7.js?v=28f1e096:14630:28)
    at beginWork (http://localhost:5173/node_modules/.vite/deps/chunk-YFB5YCE7.js?v=28f1e096:15972:22) @ http://localhost:5173/src/Pages/MainPage.tsx?t=1786795048809:58
[16221246ms] [ERROR] Failed to load resource: net::ERR_CONNECTION_REFUSED @ http://localhost:5000/volatility/eth:0
[16221246ms] [ERROR] error = TypeError: Failed to fetch
    at getEthError (http://localhost:5173/src/Pages/MainPage.tsx?t=1786795048809:104:31)
    at fetchData (http://localhost:5173/src/Pages/MainPage.tsx?t=1786795048809:135:17)
    at http://localhost:5173/src/Pages/MainPage.tsx?t=1786795048809:160:9
    at updateMemo (http://localhost:5173/node_modules/.vite/deps/chunk-YFB5YCE7.js?v=28f1e096:12258:27)
    at Object.useMemo (http://localhost:5173/node_modules/.vite/deps/chunk-YFB5YCE7.js?v=28f1e096:12774:24)
    at useMemo (http://localhost:5173/node_modules/.vite/deps/chunk-RLJ2RCJQ.js?v=28f1e096:1094:29)
    at MainPage (http://localhost:5173/src/Pages/MainPage.tsx?t=1786795048809:159:5)
    at renderWithHooks (http://localhost:5173/node_modules/.vite/deps/chunk-YFB5YCE7.js?v=28f1e096:11596:26)
    at updateFunctionComponent (http://localhost:5173/node_modules/.vite/deps/chunk-YFB5YCE7.js?v=28f1e096:14630:28)
    at beginWork (http://localhost:5173/node_modules/.vite/deps/chunk-YFB5YCE7.js?v=28f1e096:15972:22) @ http://localhost:5173/src/Pages/MainPage.tsx?t=1786795048809:110
[16221246ms] [ERROR] Failed to load resource: net::ERR_CONNECTION_REFUSED @ http://localhost:5000/volatility/btc:0
[16221246ms] [ERROR] error = TypeError: Failed to fetch
    at getBtcError (http://localhost:5173/src/Pages/MainPage.tsx?t=1786795048809:117:31)
    at fetchData (http://localhost:5173/src/Pages/MainPage.tsx?t=1786795048809:136:17)
    at http://localhost:5173/src/Pages/MainPage.tsx?t=1786795048809:160:9
    at updateMemo (http://localhost:5173/node_modules/.vite/deps/chunk-YFB5YCE7.js?v=28f1e096:12258:27)
    at Object.useMemo (http://localhost:5173/node_modules/.vite/deps/chunk-YFB5YCE7.js?v=28f1e096:12774:24)
    at useMemo (http://localhost:5173/node_modules/.vite/deps/chunk-RLJ2RCJQ.js?v=28f1e096:1094:29)
    at MainPage (http://localhost:5173/src/Pages/MainPage.tsx?t=1786795048809:159:5)
    at renderWithHooks (http://localhost:5173/node_modules/.vite/deps/chunk-YFB5YCE7.js?v=28f1e096:11596:26)
    at updateFunctionComponent (http://localhost:5173/node_modules/.vite/deps/chunk-YFB5YCE7.js?v=28f1e096:14630:28)
    at beginWork (http://localhost:5173/node_modules/.vite/deps/chunk-YFB5YCE7.js?v=28f1e096:15972:22) @ http://localhost:5173/src/Pages/MainPage.tsx?t=1786795048809:123
[16221246ms] [ERROR] Failed to load resource: net::ERR_CONNECTION_REFUSED @ http://localhost:5000/eth:0
[16221246ms] [ERROR] error = TypeError: Failed to fetch
    at getEthPrice (http://localhost:5173/src/Pages/MainPage.tsx?t=1786795048809:78:31)
    at fetchData (http://localhost:5173/src/Pages/MainPage.tsx?t=1786795048809:131:17)
    at http://localhost:5173/src/Pages/MainPage.tsx?t=1786795048809:160:9
    at updateMemo (http://localhost:5173/node_modules/.vite/deps/chunk-YFB5YCE7.js?v=28f1e096:12258:27)
    at Object.useMemo (http://localhost:5173/node_modules/.vite/deps/chunk-YFB5YCE7.js?v=28f1e096:12774:24)
    at useMemo (http://localhost:5173/node_modules/.vite/deps/chunk-RLJ2RCJQ.js?v=28f1e096:1094:29)
    at MainPage (http://localhost:5173/src/Pages/MainPage.tsx?t=1786795048809:159:5)
    at renderWithHooks (http://localhost:5173/node_modules/.vite/deps/chunk-YFB5YCE7.js?v=28f1e096:11596:26)
    at updateFunctionComponent (http://localhost:5173/node_modules/.vite/deps/chunk-YFB5YCE7.js?v=28f1e096:14635:32)
    at beginWork (http://localhost:5173/node_modules/.vite/deps/chunk-YFB5YCE7.js?v=28f1e096:15972:22) @ http://localhost:5173/src/Pages/MainPage.tsx?t=1786795048809:84
[16221246ms] [ERROR] Failed to load resource: net::ERR_CONNECTION_REFUSED @ http://localhost:5000/btc:0
[16221246ms] [ERROR] error = TypeError: Failed to fetch
    at getBtcPrice (http://localhost:5173/src/Pages/MainPage.tsx?t=1786795048809:91:31)
    at fetchData (http://localhost:5173/src/Pages/MainPage.tsx?t=1786795048809:132:17)
    at http://localhost:5173/src/Pages/MainPage.tsx?t=1786795048809:160:9
    at updateMemo (http://localhost:5173/node_modules/.vite/deps/chunk-YFB5YCE7.js?v=28f1e096:12258:27)
    at Object.useMemo (http://localhost:5173/node_modules/.vite/deps/chunk-YFB5YCE7.js?v=28f1e096:12774:24)
    at useMemo (http://localhost:5173/node_modules/.vite/deps/chunk-RLJ2RCJQ.js?v=28f1e096:1094:29)
    at MainPage (http://localhost:5173/src/Pages/MainPage.tsx?t=1786795048809:159:5)
    at renderWithHooks (http://localhost:5173/node_modules/.vite/deps/chunk-YFB5YCE7.js?v=28f1e096:11596:26)
    at updateFunctionComponent (http://localhost:5173/node_modules/.vite/deps/chunk-YFB5YCE7.js?v=28f1e096:14635:32)
    at beginWork (http://localhost:5173/node_modules/.vite/deps/chunk-YFB5YCE7.js?v=28f1e096:15972:22) @ http://localhost:5173/src/Pages/MainPage.tsx?t=1786795048809:97
[16221246ms] [ERROR] Failed to load resource: net::ERR_CONNECTION_REFUSED @ http://localhost:5000/verify/eth:0
[16221246ms] [ERROR] error = TypeError: Failed to fetch
    at getEthVerified (http://localhost:5173/src/Pages/MainPage.tsx?t=1786795048809:65:31)
    at fetchData (http://localhost:5173/src/Pages/MainPage.tsx?t=1786795048809:133:17)
    at http://localhost:5173/src/Pages/MainPage.tsx?t=1786795048809:160:9
    at updateMemo (http://localhost:5173/node_modules/.vite/deps/chunk-YFB5YCE7.js?v=28f1e096:12258:27)
    at Object.useMemo (http://localhost:5173/node_modules/.vite/deps/chunk-YFB5YCE7.js?v=28f1e096:12774:24)
    at useMemo (http://localhost:5173/node_modules/.vite/deps/chunk-RLJ2RCJQ.js?v=28f1e096:1094:29)
    at MainPage (http://localhost:5173/src/Pages/MainPage.tsx?t=1786795048809:159:5)
    at renderWithHooks (http://localhost:5173/node_modules/.vite/deps/chunk-YFB5YCE7.js?v=28f1e096:11596:26)
    at updateFunctionComponent (http://localhost:5173/node_modules/.vite/deps/chunk-YFB5YCE7.js?v=28f1e096:14635:32)
    at beginWork (http://localhost:5173/node_modules/.vite/deps/chunk-YFB5YCE7.js?v=28f1e096:15972:22) @ http://localhost:5173/src/Pages/MainPage.tsx?t=1786795048809:71
[16221247ms] [ERROR] Failed to load resource: net::ERR_CONNECTION_REFUSED @ http://localhost:5000/verify/btc:0
[16221247ms] [ERROR] error = TypeError: Failed to fetch
    at getBtcVerified (http://localhost:5173/src/Pages/MainPage.tsx?t=1786795048809:52:31)
    at fetchData (http://localhost:5173/src/Pages/MainPage.tsx?t=1786795048809:134:17)
    at http://localhost:5173/src/Pages/MainPage.tsx?t=1786795048809:160:9
    at updateMemo (http://localhost:5173/node_modules/.vite/deps/chunk-YFB5YCE7.js?v=28f1e096:12258:27)
    at Object.useMemo (http://localhost:5173/node_modules/.vite/deps/chunk-YFB5YCE7.js?v=28f1e096:12774:24)
    at useMemo (http://localhost:5173/node_modules/.vite/deps/chunk-RLJ2RCJQ.js?v=28f1e096:1094:29)
    at MainPage (http://localhost:5173/src/Pages/MainPage.tsx?t=1786795048809:159:5)
    at renderWithHooks (http://localhost:5173/node_modules/.vite/deps/chunk-YFB5YCE7.js?v=28f1e096:11596:26)
    at updateFunctionComponent (http://localhost:5173/node_modules/.vite/deps/chunk-YFB5YCE7.js?v=28f1e096:14635:32)
    at beginWork (http://localhost:5173/node_modules/.vite/deps/chunk-YFB5YCE7.js?v=28f1e096:15972:22) @ http://localhost:5173/src/Pages/MainPage.tsx?t=1786795048809:58
[16221247ms] [ERROR] Failed to load resource: net::ERR_CONNECTION_REFUSED @ http://localhost:5000/volatility/eth:0
[16221247ms] [ERROR] error = TypeError: Failed to fetch
    at getEthError (http://localhost:5173/src/Pages/MainPage.tsx?t=1786795048809:104:31)
    at fetchData (http://localhost:5173/src/Pages/MainPage.tsx?t=1786795048809:135:17)
    at http://localhost:5173/src/Pages/MainPage.tsx?t=1786795048809:160:9
    at updateMemo (http://localhost:5173/node_modules/.vite/deps/chunk-YFB5YCE7.js?v=28f1e096:12258:27)
    at Object.useMemo (http://localhost:5173/node_modules/.vite/deps/chunk-YFB5YCE7.js?v=28f1e096:12774:24)
    at useMemo (http://localhost:5173/node_modules/.vite/deps/chunk-RLJ2RCJQ.js?v=28f1e096:1094:29)
    at MainPage (http://localhost:5173/src/Pages/MainPage.tsx?t=1786795048809:159:5)
    at renderWithHooks (http://localhost:5173/node_modules/.vite/deps/chunk-YFB5YCE7.js?v=28f1e096:11596:26)
    at updateFunctionComponent (http://localhost:5173/node_modules/.vite/deps/chunk-YFB5YCE7.js?v=28f1e096:14635:32)
    at beginWork (http://localhost:5173/node_modules/.vite/deps/chunk-YFB5YCE7.js?v=28f1e096:15972:22) @ http://localhost:5173/src/Pages/MainPage.tsx?t=1786795048809:110
[16221247ms] [ERROR] Failed to load resource: net::ERR_CONNECTION_REFUSED @ http://localhost:5000/volatility/btc:0
[16221247ms] [ERROR] error = TypeError: Failed to fetch
    at getBtcError (http://localhost:5173/src/Pages/MainPage.tsx?t=1786795048809:117:31)
    at fetchData (http://localhost:5173/src/Pages/MainPage.tsx?t=1786795048809:136:17)
    at http://localhost:5173/src/Pages/MainPage.tsx?t=1786795048809:160:9
    at updateMemo (http://localhost:5173/node_modules/.vite/deps/chunk-YFB5YCE7.js?v=28f1e096:12258:27)
    at Object.useMemo (http://localhost:5173/node_modules/.vite/deps/chunk-YFB5YCE7.js?v=28f1e096:12774:24)
    at useMemo (http://localhost:5173/node_modules/.vite/deps/chunk-RLJ2RCJQ.js?v=28f1e096:1094:29)
    at MainPage (http://localhost:5173/src/Pages/MainPage.tsx?t=1786795048809:159:5)
    at renderWithHooks (http://localhost:5173/node_modules/.vite/deps/chunk-YFB5YCE7.js?v=28f1e096:11596:26)
    at updateFunctionComponent (http://localhost:5173/node_modules/.vite/deps/chunk-YFB5YCE7.js?v=28f1e096:14635:32)
    at beginWork (http://localhost:5173/node_modules/.vite/deps/chunk-YFB5YCE7.js?v=28f1e096:15972:22) @ http://localhost:5173/src/Pages/MainPage.tsx?t=1786795048809:123
[16221250ms] [LOG] Container @ http://localhost:5173/src/Components/particleBakground.tsx:46
[16479673ms] [ERROR] Failed to load resource: net::ERR_NAME_NOT_RESOLVED @ https://api.cryptocast.live/eth:0
[16479673ms] [ERROR] error = TypeError: Failed to fetch
    at getEthPrice (http://localhost:5173/src/Pages/MainPage.tsx:77:31)
    at fetchData (http://localhost:5173/src/Pages/MainPage.tsx:130:17)
    at http://localhost:5173/src/Pages/MainPage.tsx:161:13 @ http://localhost:5173/src/Pages/MainPage.tsx:83
[16479675ms] [ERROR] Failed to load resource: net::ERR_NAME_NOT_RESOLVED @ https://api.cryptocast.live/btc:0
[16479675ms] [ERROR] error = TypeError: Failed to fetch
    at getBtcPrice (http://localhost:5173/src/Pages/MainPage.tsx:90:31)
    at fetchData (http://localhost:5173/src/Pages/MainPage.tsx:131:17)
    at http://localhost:5173/src/Pages/MainPage.tsx:161:13 @ http://localhost:5173/src/Pages/MainPage.tsx:96
[16479675ms] [ERROR] Failed to load resource: net::ERR_NAME_NOT_RESOLVED @ https://api.cryptocast.live/verify/eth:0
[16479675ms] [ERROR] error = TypeError: Failed to fetch
    at getEthVerified (http://localhost:5173/src/Pages/MainPage.tsx:64:31)
    at fetchData (http://localhost:5173/src/Pages/MainPage.tsx:132:17)
    at http://localhost:5173/src/Pages/MainPage.tsx:161:13 @ http://localhost:5173/src/Pages/MainPage.tsx:70
[16479675ms] [ERROR] Failed to load resource: net::ERR_NAME_NOT_RESOLVED @ https://api.cryptocast.live/verify/btc:0
[16479675ms] [ERROR] error = TypeError: Failed to fetch
    at getBtcVerified (http://localhost:5173/src/Pages/MainPage.tsx:51:31)
    at fetchData (http://localhost:5173/src/Pages/MainPage.tsx:133:17)
    at http://localhost:5173/src/Pages/MainPage.tsx:161:13 @ http://localhost:5173/src/Pages/MainPage.tsx:57
[16479675ms] [ERROR] Failed to load resource: net::ERR_NAME_NOT_RESOLVED @ https://api.cryptocast.live/volatility/eth:0
[16479675ms] [ERROR] error = TypeError: Failed to fetch
    at getEthError (http://localhost:5173/src/Pages/MainPage.tsx:103:31)
    at fetchData (http://localhost:5173/src/Pages/MainPage.tsx:134:17)
    at http://localhost:5173/src/Pages/MainPage.tsx:161:13 @ http://localhost:5173/src/Pages/MainPage.tsx:109
[16479675ms] [ERROR] Failed to load resource: net::ERR_NAME_NOT_RESOLVED @ https://api.cryptocast.live/volatility/btc:0
[16479675ms] [ERROR] error = TypeError: Failed to fetch
    at getBtcError (http://localhost:5173/src/Pages/MainPage.tsx:116:31)
    at fetchData (http://localhost:5173/src/Pages/MainPage.tsx:135:17)
    at http://localhost:5173/src/Pages/MainPage.tsx:161:13 @ http://localhost:5173/src/Pages/MainPage.tsx:122
[16479675ms] [ERROR] Failed to load resource: net::ERR_NAME_NOT_RESOLVED @ https://api.cryptocast.live/btc:0
[16479675ms] [ERROR] error = TypeError: Failed to fetch
    at getBtcPrice (http://localhost:5173/src/Pages/MainPage.tsx:90:31)
    at fetchData (http://localhost:5173/src/Pages/MainPage.tsx:131:17)
    at http://localhost:5173/src/Pages/MainPage.tsx:161:13 @ http://localhost:5173/src/Pages/MainPage.tsx:96
[16479675ms] [ERROR] Failed to load resource: net::ERR_NAME_NOT_RESOLVED @ https://api.cryptocast.live/eth:0
[16479675ms] [ERROR] error = TypeError: Failed to fetch
    at getEthPrice (http://localhost:5173/src/Pages/MainPage.tsx:77:31)
    at fetchData (http://localhost:5173/src/Pages/MainPage.tsx:130:17)
    at http://localhost:5173/src/Pages/MainPage.tsx:161:13 @ http://localhost:5173/src/Pages/MainPage.tsx:83
[16479676ms] [ERROR] Failed to load resource: net::ERR_NAME_NOT_RESOLVED @ https://api.cryptocast.live/volatility/btc:0
[16479676ms] [ERROR] error = TypeError: Failed to fetch
    at getBtcError (http://localhost:5173/src/Pages/MainPage.tsx:116:31)
    at fetchData (http://localhost:5173/src/Pages/MainPage.tsx:135:17)
    at http://localhost:5173/src/Pages/MainPage.tsx:161:13 @ http://localhost:5173/src/Pages/MainPage.tsx:122
[16479676ms] [ERROR] Failed to load resource: net::ERR_NAME_NOT_RESOLVED @ https://api.cryptocast.live/volatility/eth:0
[16479676ms] [ERROR] error = TypeError: Failed to fetch
    at getEthError (http://localhost:5173/src/Pages/MainPage.tsx:103:31)
    at fetchData (http://localhost:5173/src/Pages/MainPage.tsx:134:17)
    at http://localhost:5173/src/Pages/MainPage.tsx:161:13 @ http://localhost:5173/src/Pages/MainPage.tsx:109
[16479676ms] [ERROR] Failed to load resource: net::ERR_NAME_NOT_RESOLVED @ https://api.cryptocast.live/verify/btc:0
[16479676ms] [ERROR] error = TypeError: Failed to fetch
    at getBtcVerified (http://localhost:5173/src/Pages/MainPage.tsx:51:31)
    at fetchData (http://localhost:5173/src/Pages/MainPage.tsx:133:17)
    at http://localhost:5173/src/Pages/MainPage.tsx:161:13 @ http://localhost:5173/src/Pages/MainPage.tsx:57
[16479676ms] [ERROR] Failed to load resource: net::ERR_NAME_NOT_RESOLVED @ https://api.cryptocast.live/verify/eth:0
[16479676ms] [ERROR] error = TypeError: Failed to fetch
    at getEthVerified (http://localhost:5173/src/Pages/MainPage.tsx:64:31)
    at fetchData (http://localhost:5173/src/Pages/MainPage.tsx:132:17)
    at http://localhost:5173/src/Pages/MainPage.tsx:161:13 @ http://localhost:5173/src/Pages/MainPage.tsx:70
