{"last_actual_close": 2473.88353397168, "predicted_close": 2560.1368759099782, "change_dollars": 86.25334193829804, "change_percent": 3.4865562890837865}